opendatacommunities,billing-authority,name,statistical-geography,census-area,local-authority-eng,local-authority-type,official-name,start-date,end-date
http://opendatacommunities.org/id/district-council/adur,E3831,Adur,E07000223,45UB,ADU,NMD,Adur District Council,,
http://opendatacommunities.org/id/district-council/allerdale,E0931,Allerdale,E07000026,16UB,ALL,NMD,Allerdale Borough Council,,
http://opendatacommunities.org/id/district-council/amber-valley,E1031,Amber Valley,E07000032,17UB,AMB,NMD,Amber Valley Borough Council,,
http://opendatacommunities.org/id/district-council/arun,E3832,Arun,E07000224,45UC,ARU,NMD,Arun District Council,,
http://opendatacommunities.org/id/district-council/ashfield,E3031,Ashfield,E07000170,37UB,ASH,NMD,Ashfield District Council,,
http://opendatacommunities.org/id/district-council/ashford,E2231,Ashford,E07000105,29UB,ASF,NMD,Ashford Borough Council,,
http://opendatacommunities.org/id/police-authority/avon-somerset,E6050,Avon & Somerset Police Authority,,,,,,,
http://opendatacommunities.org/id/fire-authority/avon,E6101,Avon Combined Fire Authority,,,,,,,
http://opendatacommunities.org/id/district-council/aylesbury-vale,E0431,Aylesbury Vale,E07000004,11UB,AYL,NMD,Aylesbury Vale District Council,,
http://opendatacommunities.org/id/district-council/babergh,E3531,Babergh,E07000200,42UB,BAB,NMD,Babergh District Council,,
http://opendatacommunities.org/id/london-borough-council/barking-and-dagenham,E5030,Barking and Dagenham,E09000002,00AB,BDG,LBO,London Borough of Barking and Dagenham,,
http://opendatacommunities.org/id/london-borough-council/barnet,E5031,Barnet,E09000003,00AC,BNE,LBO,London Borough of Barnet,,
http://opendatacommunities.org/id/metropolitan-district-council/barnsley,E4401,Barnsley,E08000016,00CC,BNS,MD,Barnsley Metropolitan Borough Council,1974-04-01,
http://opendatacommunities.org/id/district-council/barrow-in-furness,E0932,Barrow-in-Furness,E07000027,16UC,BAR,NMD,Barrow-in-Furness Borough Council,,
http://opendatacommunities.org/id/district-council/basildon,E1531,Basildon,E07000066,22UB,BAI,NMD,Basildon Borough Council,,
http://opendatacommunities.org/id/district-council/basingstoke,E1731,Basingstoke and Deane,E07000084,24UB,BAN,NMD,Basingstoke and Deane Borough Council,,
http://opendatacommunities.org/id/district-council/bassetlaw,E3032,Bassetlaw,E07000171,37UC,BAE,NMD,Bassetlaw District Council,,
http://opendatacommunities.org/id/unitary-authority/bath-and-north-east-somerset,E0101,Bath and North East Somerset,E06000022,00HA,BAS,UA,Bath and North East Somerset Council,1996-04-01,
http://opendatacommunities.org/id/unitary-authority/bedford,E0202,Bedford,E06000055,00KB,BDF,UA,Bedford Borough Council,2009-04-01,
http://opendatacommunities.org/id/fire-authority/bedfordshire,E6102,Bedfordshire Combined Fire Authority,,,,,,,
http://opendatacommunities.org/id/police-authority/bedfordshire,E6002,Bedfordshire Police Authority,,,,,,,
http://opendatacommunities.org/id/fire-authority/berkshire,E6103,Berkshire Combined Fire Authority,,,,,,,
http://opendatacommunities.org/id/london-borough-council/bexley,E5032,Bexley,E09000004,00AD,BEX,LBO,London Borough of Bexley,,
http://opendatacommunities.org/id/metropolitan-district-council/birmingham,E4601,Birmingham,E08000025,00CN,BIR,MD,Birmingham City Council,1986-07-01,
http://opendatacommunities.org/id/district-council/blaby,E2431,Blaby,E07000129,31UB,BLA,NMD,Blaby District Council,,
http://opendatacommunities.org/id/unitary-authority/blackburn,E2301,Blackburn with Darwen,E06000008,00EX,BBD,UA,Blackburn with Darwen Borough Council,1998-04-01,
http://opendatacommunities.org/id/unitary-authority/blackpool,E2302,Blackpool,E06000009,00EY,BPL,UA,Blackpool Borough Council,1905-06-20,
http://opendatacommunities.org/id/district-council/bolsover,E1032,Bolsover,E07000033,17UC,BOS,NMD,Bolsover District Council,,
http://opendatacommunities.org/id/metropolitan-district-council/bolton,E4201,Bolton,E08000001,00BL,BOL,MD,Bolton Metropolitan Borough Council,1974-04-01,
http://opendatacommunities.org/id/district-council/boston,E2531,Boston,E07000136,32UB,BOT,NMD,Boston Borough Council,,
http://opendatacommunities.org/id/unitary-authority/bournemouth,E1202,Bournemouth,E06000028,00HN,BMH,UA,Bournemouth Borough Council,1905-06-19,2019-03-31
http://opendatacommunities.org/id/unitary-authority/bracknell-forest,E0301,Bracknell Forest,E06000036,00MA,BRC,UA,Bracknell Forest Council,1998-04-01,
http://opendatacommunities.org/id/metropolitan-district-council/bradford,E4701,Bradford,E08000032,00CX,BRD,MD,City of Bradford Metropolitan District Council,1974-04-01,
http://opendatacommunities.org/id/district-council/braintree,E1532,Braintree,E07000067,22UC,BRA,NMD,Braintree District Council,,
http://opendatacommunities.org/id/district-council/breckland,E2631,Breckland,E07000143,33UB,BRE,NMD,Breckland District Council,,
http://opendatacommunities.org/id/london-borough-council/brent,E5033,Brent,E09000005,00AE,BEN,LBO,London Borough of Brent,,
http://opendatacommunities.org/id/district-council/brentwood,E1533,Brentwood,E07000068,22UD,BRW,NMD,Brentwood Borough Council,,
http://opendatacommunities.org/id/unitary-authority/brighton-and-hove,E1401,Brighton and Hove,E06000043,00ML,BNH,UA,Brighton and Hove City Council,1905-06-19,
http://opendatacommunities.org/id/district-council/broadland,E2632,Broadland,E07000144,33UC,BRO,NMD,Broadland District Council,,
http://opendatacommunities.org/id/london-borough-council/bromley,E5034,Bromley,E09000006,00AF,BRY,LBO,London Borough of Bromley,,
http://opendatacommunities.org/id/district-council/bromsgrove,E1831,Bromsgrove,E07000234,47UB,BRM,NMD,Bromsgrove District Council,,
http://opendatacommunities.org/id/district-council/broxbourne,E1931,Broxbourne,E07000095,26UB,BRX,NMD,Broxbourne Borough Council,,
http://opendatacommunities.org/id/district-council/broxtowe,E3033,Broxtowe,E07000172,37UD,BRT,NMD,Broxtowe Borough Council,,
http://opendatacommunities.org/id/county-council/buckinghamshire,E0421,Buckinghamshire,E10000002,11,BKM,CTY,Buckinghamshire County Council,1905-06-19,
http://opendatacommunities.org/id/fire-authority/buckinghamshire,E6104,Buckinghamshire Combined Fire Authority,,,,,,,
http://opendatacommunities.org/id/district-council/burnley,E2333,Burnley,E07000117,30UD,BUN,NMD,Burnley Borough Council,,
http://opendatacommunities.org/id/metropolitan-district-council/bury,E4202,Bury,E08000002,00BM,BUR,MD,Bury Metropolitan Borough Council,1974-04-01,
http://opendatacommunities.org/id/metropolitan-district-council/calderdale,E4702,Calderdale,E08000033,00CY,CLD,MD,Calderdale Metropolitan Borough Council,1974-04-01,
http://opendatacommunities.org/id/district-council/cambridge,E0531,Cambridge,E07000008,12UB,CAB,NMD,Cambridge City Council,,
http://opendatacommunities.org/id/county-council/cambridgeshire,E0521,Cambridgeshire,E10000003,12,CAM,CTY,Cambridgeshire County Council,,
http://opendatacommunities.org/id/fire-authority/cambridgeshire,E6105,Cambridgeshire Combined Fire Authority,,,,,,,
http://opendatacommunities.org/id/police-authority/cambridgeshire,E6005,Cambridgeshire Police Authority,,,,,,,
http://opendatacommunities.org/id/london-borough-council/camden,E5011,Camden,E09000007,00AG,CMD,LBO,London Borough of Camden,,
http://opendatacommunities.org/id/district-council/cannock-chase,E3431,Cannock Chase,E07000192,41UB,CAN,NMD,Cannock Chase District Council,,
http://opendatacommunities.org/id/district-council/canterbury,E2232,Canterbury,E07000106,29UC,CAT,NMD,Canterbury City Council,,
http://opendatacommunities.org/id/district-council/carlisle,E0933,Carlisle,E07000028,16UD,CAR,NMD,Carlisle City Council,,
http://opendatacommunities.org/id/district-council/castle-point,E1534,Castle Point,E07000069,22UE,CAS,NMD,Castle Point Borough Council,,
http://opendatacommunities.org/id/unitary-authority/central-bedfordshire,E0203,Central Bedfordshire,E06000056,00KC,CBF,UA,Central Bedfordshire Council,2009-04-01,
http://opendatacommunities.org/id/district-council/charnwood,E2432,Charnwood,E07000130,31UC,CHA,NMD,Charnwood Borough Council,,
http://opendatacommunities.org/id/district-council/chelmsford,E1535,Chelmsford,E07000070,22UF,CHL,NMD,Chelmsford City Council,,
http://opendatacommunities.org/id/district-council/cheltenham,E1631,Cheltenham,E07000078,23UB,CHT,NMD,Cheltenham Borough Council,,
http://opendatacommunities.org/id/district-council/cherwell,E3131,Cherwell,E07000177,38UB,CHR,NMD,Cherwell District Council,,
http://opendatacommunities.org/id/fire-authority/cheshire,E6106,Cheshire Combined Fire Authority,,,,,,,
http://opendatacommunities.org/id/unitary-authority/cheshire-east,E0603,Cheshire East,E06000049,00EQ,CHE,UA,Cheshire East Council,2009-04-01,
http://opendatacommunities.org/id/police-authority/cheshire,E6006,Cheshire Police Authority,,,,,,,
http://opendatacommunities.org/id/unitary-authority/cheshire-west-and-chester,E0604,Cheshire West and Chester,E06000050,00EW,CHW,UA,Cheshire West and Chester Council,2009-04-01,
http://opendatacommunities.org/id/district-council/chesterfield,E1033,Chesterfield,E07000034,17UD,CHS,NMD,Chesterfield Borough Council,,
http://opendatacommunities.org/id/district-council/chichester,E3833,Chichester,E07000225,45UD,CHI,NMD,Chichester District Council,1974-04-01,
http://opendatacommunities.org/id/district-council/chiltern,E0432,Chiltern,E07000005,11UC,CHN,NMD,Chiltern District Council,,
http://opendatacommunities.org/id/district-council/chorley,E2334,Chorley,E07000118,30UE,CHO,NMD,Chorley Borough Council,,
http://opendatacommunities.org/id/district-council/christchurch,E1232,Christchurch,E07000048,19UC,CHC,NMD,Christchurch Borough Council,,2019-03-31
http://opendatacommunities.org/id/unitary-authority/bristol,E0102,City of Bristol,E06000023,00HB,BST,UA,Bristol City Council,1905-06-18,
http://opendatacommunities.org/id/london-borough-council/city-of-london,E5010,City of London,E09000001,00AA,LND,CC,City of London Corporation,1905-06-28,
http://opendatacommunities.org/id/fire-authority/cleveland,E6107,Cleveland Combined Fire Authority,,,,,,,
http://opendatacommunities.org/id/police-authority/cleveland,E6007,Cleveland Police Authority,,,,,,,
http://opendatacommunities.org/id/district-council/colchester,E1536,Colchester,E07000071,22UG,COL,NMD,Colchester Borough Council,,
http://opendatacommunities.org/id/district-council/copeland,E0934,Copeland,E07000029,16UE,COP,NMD,Copeland Borough Council,,
http://opendatacommunities.org/id/district-council/corby,E2831,Corby,E07000150,34UB,COR,NMD,Corby Borough Council,,
http://opendatacommunities.org/id/unitary-authority/cornwall,E0801,Cornwall,E06000052,00HE,CON,UA,Cornwall Council,2009-04-01,
http://opendatacommunities.org/id/district-council/cotswold,E1632,Cotswold,E07000079,23UC,COT,NMD,Cotswold District Council,,
http://opendatacommunities.org/id/unitary-authority/county-durham,E1302,County Durham,E06000047,00EJ,DUR,UA,Durham County Council,2009-04-01,
http://opendatacommunities.org/id/metropolitan-district-council/coventry,E4602,Coventry,E08000026,00CQ,COV,MD,Coventry City Council,1974-04-01,
http://opendatacommunities.org/id/district-council/craven,E2731,Craven,E07000163,36UB,CRA,NMD,Craven District Council,,
http://opendatacommunities.org/id/district-council/crawley,E3834,Crawley,E07000226,45UE,CRW,NMD,Crawley Borough Council,1974-04-01,
http://opendatacommunities.org/id/london-borough-council/croydon,E5035,Croydon,E09000008,00AH,CRY,LBO,London Borough of Croydon,,
http://opendatacommunities.org/id/county-council/cumbria,E0920,Cumbria,E10000006,16,CMA,CTY,Cumbria County Council,,
http://opendatacommunities.org/id/police-authority/cumbria,E6009,Cumbria Police Authority,,,,,,,
http://opendatacommunities.org/id/district-council/dacorum,E1932,Dacorum,E07000096,26UC,DAC,NMD,Dacorum Borough Council,,
http://opendatacommunities.org/id/unitary-authority/darlington,E1301,Darlington,E06000005,00EH,DAL,UA,Darlington Borough Council,1997-04-01,
http://opendatacommunities.org/id/district-council/dartford,E2233,Dartford,E07000107,29UD,DAR,NMD,Dartford Borough Council,,
http://opendatacommunities.org/id/national-park-authority/dartmoor,E6401,Dartmoor National Park Authority,,,,,,,
http://opendatacommunities.org/id/district-council/daventry,E2832,Daventry,E07000151,34UC,DAV,NMD,Daventry District Council,,
http://opendatacommunities.org/id/unitary-authority/derby,E1001,Derby,E06000015,00FK,DER,UA,Derby City Council,,
http://opendatacommunities.org/id/county-council/derbyshire,E1021,Derbyshire,E10000007,17,DBY,CTY,Derbyshire County Council,,
http://opendatacommunities.org/id/fire-authority/derbyshire,E6110,Derbyshire Combined Fire Authority,,,,,,,
http://opendatacommunities.org/id/district-council/derbyshire-dales,E1035,Derbyshire Dales,E07000035,17UF,DEB,NMD,Derbyshire Dales District Council,,
http://opendatacommunities.org/id/police-authority/derbyshire,E6010,Derbyshire Police Authority,,,,,,,
http://opendatacommunities.org/id/county-council/devon,E1121,Devon,E10000008,18,DEV,CTY,Devon County Council,,
http://opendatacommunities.org/id/police-authority/devon-cornwall,E6051,Devon & Cornwall Police Authority,,,,,,,
http://opendatacommunities.org/id/fire-authority/devon-and-somerset,E6161,Devon and Somerset Combined Fire Authority,,,,,,,
http://opendatacommunities.org/id/metropolitan-district-council/doncaster,E4402,Doncaster,E08000017,00CE,DNC,MD,Doncaster Metropolitan Borough Council,1974-04-01,
http://opendatacommunities.org/id/county-council/dorset,E1221,Dorset,E10000009,19,DOR,CTY,Dorset County Council,,2019-03-31
http://opendatacommunities.org/id/fire-authority/dorset,E6112,Dorset Combined Fire Authority,,,,,,,
http://opendatacommunities.org/id/police-authority/dorset,E6012,Dorset Police Authority,,,,,,,
http://opendatacommunities.org/id/district-council/dover,E2234,Dover,E07000108,29UE,DOV,NMD,Dover District Council,,
http://opendatacommunities.org/id/metropolitan-district-council/dudley,E4603,Dudley,E08000027,00CR,DUD,MD,Dudley Metropolitan Borough Council,1974-04-01,
http://opendatacommunities.org/id/fire-authority/durham,E6113,Durham Combined Fire Authority,,,,,,,
http://opendatacommunities.org/id/police-authority/durham,E6013,Durham Police Authority,,,,,,,
http://opendatacommunities.org/id/london-borough-council/ealing,E5036,Ealing,E09000009,00AJ,EAL,LBO,London Borough of Ealing,,
http://opendatacommunities.org/id/district-council/east-cambridgeshire,E0532,East Cambridgeshire,E07000009,12UC,ECA,NMD,East Cambridgeshire District Council,,
http://opendatacommunities.org/id/district-council/east-devon,E1131,East Devon,E07000040,18UB,EDE,NMD,East Devon District Council,,
http://opendatacommunities.org/id/district-council/east-dorset,E1233,East Dorset,E07000049,19UD,EDO,NMD,East Dorset District Council,,2019-03-31
http://opendatacommunities.org/id/district-council/east-hampshire,E1732,East Hampshire,E07000085,24UC,EHA,NMD,East Hampshire District Council,,
http://opendatacommunities.org/id/district-council/east-hertfordshire,E1933,East Hertfordshire,E07000242,26UD,EHE,NMD,East Hertfordshire District Council,,
http://opendatacommunities.org/id/district-council/east-lindsey,E2532,East Lindsey,E07000137,32UC,ELI,NMD,East Lindsey District Council,,
http://opendatacommunities.org/id/waste-authority/east-london,E6201,East London Waste Authority,,,,,,,
http://opendatacommunities.org/id/district-council/east-northamptonshire,E2833,East Northamptonshire,E07000152,34UD,ENO,NMD,East Northamptonshire Council,,
http://opendatacommunities.org/id/unitary-authority/east-riding,E2001,East Riding of Yorkshire,E06000011,00FB,ERY,UA,East Riding of Yorkshire Council,1996-04-01,
http://opendatacommunities.org/id/district-council/east-staffordshire,E3432,East Staffordshire,E07000193,41UC,EST,NMD,East Staffordshire Borough Council,,
http://opendatacommunities.org/id/county-council/east-sussex,E1421,East Sussex,E10000011,21,ESX,CTY,East Sussex County Council,,
http://opendatacommunities.org/id/fire-authority/east-sussex,E6114,East Sussex Combined Fire Authority,,,,,,,
http://opendatacommunities.org/id/district-council/eastbourne,E1432,Eastbourne,E07000061,21UC,EAS,NMD,Eastbourne Borough Council,,
http://opendatacommunities.org/id/district-council/eastleigh,E1733,Eastleigh,E07000086,24UD,EAT,NMD,Eastleigh Borough Council,,
http://opendatacommunities.org/id/district-council/eden,E0935,Eden,E07000030,16UF,EDN,NMD,Eden District Council,,
http://opendatacommunities.org/id/district-council/elmbridge,E3631,Elmbridge,E07000207,43UB,ELM,NMD,Elmbridge Borough Council,,
http://opendatacommunities.org/id/london-borough-council/enfield,E5037,Enfield,E09000010,00AK,ENF,LBO,London Borough of Enfield,,
http://opendatacommunities.org/id/district-council/epping-forest,E1537,Epping Forest,E07000072,22UH,EPP,NMD,Epping Forest District Council,,
http://opendatacommunities.org/id/district-council/epsom-and-ewell,E3632,Epsom and Ewell,E07000208,43UC,EPS,NMD,Epsom and Ewell Borough Council,,
http://opendatacommunities.org/id/district-council/erewash,E1036,Erewash,E07000036,17UG,ERE,NMD,Erewash Borough Council,,
http://opendatacommunities.org/id/county-council/essex,E1521,Essex,E10000012,22,ESS,CTY,Essex County Council,,
http://opendatacommunities.org/id/fire-authority/essex,E6115,Essex Combined Fire Authority,,,,,,,
http://opendatacommunities.org/id/police-authority/essex,E6071,Essex Police Authority (new),,,,,,,
http://opendatacommunities.org/id/district-council/exeter,E1132,Exeter,E07000041,18UC,EXE,NMD,Exeter City Council,,
http://opendatacommunities.org/id/national-park-authority/exmoor,E6402,Exmoor National Park Authority,,,,,,,
http://opendatacommunities.org/id/district-council/fareham,E1734,Fareham,E07000087,24UE,FAR,NMD,Fareham Borough Council,,
http://opendatacommunities.org/id/district-council/fenland,E0533,Fenland,E07000010,12UD,FEN,NMD,Fenland District Council,,
http://opendatacommunities.org/id/district-council/shepway,E2240,Folkestone & Hythe,E07000112,29UL,SHE,NMD,Folkestone and Hythe Council,,
http://opendatacommunities.org/id/district-council/forest-heath,E3532,Forest Heath,E07000201,42UC,FOR,NMD,Forest Heath District Council,,2019-03-31
http://opendatacommunities.org/id/district-council/forest-of-dean,E1633,Forest of Dean,E07000080,23UD,FOE,NMD,Forest of Dean District Council,,
http://opendatacommunities.org/id/district-council/fylde,E2335,Fylde,E07000119,30UF,FYL,NMD,Fylde Borough Council,,
http://opendatacommunities.org/id/metropolitan-district-council/gateshead,E4501,Gateshead,E08000037,00CH,GAT,MD,Gateshead Metropolitan Borough Council,1974-04-01,
http://opendatacommunities.org/id/district-council/gedling,E3034,Gedling,E07000173,37UE,GED,NMD,Gedling Borough Council,,
http://opendatacommunities.org/id/district-council/gloucester,E1634,Gloucester,E07000081,23UE,GLO,NMD,Gloucester City Council,,
http://opendatacommunities.org/id/county-council/gloucestershire,E1620,Gloucestershire,E10000013,23,GLS,CTY,Gloucestershire County Council,,
http://opendatacommunities.org/id/police-authority/gloucestershire,E6016,Gloucestershire Police Authority,,,,,,,
http://opendatacommunities.org/id/district-council/gosport,E1735,Gosport,E07000088,24UF,GOS,NMD,Gosport Borough Council,,
http://opendatacommunities.org/id/district-council/gravesham,E2236,Gravesham,E07000109,29UG,GRA,NMD,Gravesham Borough Council,,
http://opendatacommunities.org/id/district-council/great-yarmouth,E2633,Great Yarmouth,E07000145,33UD,GRY,NMD,Great Yarmouth Borough Council,,
http://opendatacommunities.org/id/greater-london-authority/greater-london-authority,E5100,Greater London Authority,,,,,,,
http://opendatacommunities.org/id/greater-manchester-combined-authority/greater-manchester,E6348,Greater Manchester Combined Authority,,,,,,,
http://opendatacommunities.org/id/fire-authority/greater-manchester,E6142,Greater Manchester Fire & CD Authority,,,,,,,
http://opendatacommunities.org/id/police-authority/greater-manchester,E6042,Greater Manchester Police Authority,,,,,,,
http://opendatacommunities.org/id/waste-authority/greater-manchester,E6202,Greater Manchester Waste Disposal Authority,,,,,,,
http://opendatacommunities.org/id/london-borough-council/greenwich,E5012,Greenwich,E09000011,00AL,GRE,LBO,Royal Borough of Greenwich,,
http://opendatacommunities.org/id/district-council/guildford,E3633,Guildford,E07000209,43UD,GRT,NMD,Guildford Borough Council,,
http://opendatacommunities.org/id/london-borough-council/hackney,E5013,Hackney,E09000012,00AM,HCK,LBO,London Borough of Hackney,,
http://opendatacommunities.org/id/unitary-authority/halton,E0601,Halton,E06000006,00ET,HAL,UA,Halton Borough Council,1998-04-01,
http://opendatacommunities.org/id/district-council/hambleton,E2732,Hambleton,E07000164,36UC,HAE,NMD,Hambleton District Council,,
http://opendatacommunities.org/id/london-borough-council/hammersmith-and-fulham,E5014,Hammersmith and Fulham,E09000013,00AN,HMF,LBO,London Borough of Hammersmith & Fulham,,
http://opendatacommunities.org/id/county-council/hampshire,E1721,Hampshire,E10000014,24,HAM,CTY,Hampshire County Council,,
http://opendatacommunities.org/id/fire-authority/hampshire,E6117,Hampshire Combined Fire Authority,,,,,,,
http://opendatacommunities.org/id/police-authority/hampshire,E6052,Hampshire Police Authority,,,,,,,
http://opendatacommunities.org/id/district-council/harborough,E2433,Harborough,E07000131,31UD,HAO,NMD,Harborough District Council,,
http://opendatacommunities.org/id/london-borough-council/haringey,E5038,Haringey,E09000014,00AP,HRY,LBO,London Borough of Haringey,,
http://opendatacommunities.org/id/district-council/harlow,E1538,Harlow,E07000073,22UJ,HAR,NMD,Harlow District Council,,
http://opendatacommunities.org/id/district-council/harrogate,E2753,Harrogate,E07000165,36UD,HAG,NMD,Harrogate Borough Council,,
http://opendatacommunities.org/id/london-borough-council/harrow,E5039,Harrow,E09000015,00AQ,HRW,LBO,London Borough of Harrow,,
http://opendatacommunities.org/id/district-council/hart,E1736,Hart,E07000089,24UG,HAT,NMD,Hart District Council,,
http://opendatacommunities.org/id/unitary-authority/hartlepool,E0701,Hartlepool,E06000001,00EB,HPL,UA,Hartlepool Borough Council,1905-06-18,
http://opendatacommunities.org/id/district-council/hastings,E1433,Hastings,E07000062,21UD,HAS,NMD,Hastings Borough Council,,
http://opendatacommunities.org/id/district-council/havant,E1737,Havant,E07000090,24UH,HAA,NMD,Havant Borough Council,,
http://opendatacommunities.org/id/london-borough-council/havering,E5040,Havering,E09000016,00AR,HAV,LBO,London Borough of Havering,,
http://opendatacommunities.org/id/fire-authority/hereford-worcester,E6118,Hereford & Worcester Combined Fire Authority,,,,,,,
http://opendatacommunities.org/id/unitary-authority/herefordshire,E1801,"Herefordshire, County of",E06000019,00GA,HEF,UA,Herefordshire Council,1998-04-01,
http://opendatacommunities.org/id/county-council/hertfordshire,E1920,Hertfordshire,E10000015,26,HRT,CTY,Hertfordshire County Council,,
http://opendatacommunities.org/id/police-authority/hertfordshire,E6072,Hertfordshire Police Authority (new),,,,,,,
http://opendatacommunities.org/id/district-council/hertsmere,E1934,Hertsmere,E07000098,26UE,HER,NMD,Hertsmere Borough Council,,
http://opendatacommunities.org/id/district-council/high-peak,E1037,High Peak,E07000037,17UH,HIG,NMD,High Peak Borough Council,,
http://opendatacommunities.org/id/london-borough-council/hillingdon,E5041,Hillingdon,E09000017,00AS,HIL,LBO,London Borough of Hillingdon,,
http://opendatacommunities.org/id/district-council/hinckley-and-bosworth,E2434,Hinckley and Bosworth,E07000132,31UE,HIN,NMD,Hinckley and Bosworth Borough Council,,
http://opendatacommunities.org/id/district-council/horsham,E3835,Horsham,E07000227,45UF,HOR,NMD,Horsham District Council,1974-04-01,
http://opendatacommunities.org/id/london-borough-council/hounslow,E5042,Hounslow,E09000018,00AT,HNS,LBO,London Borough of Hounslow,,
http://opendatacommunities.org/id/fire-authority/humberside,E6120,Humberside Combined Fire Authority,,,,,,,
http://opendatacommunities.org/id/police-authority/humberside,E6020,Humberside Police Authority,,,,,,,
http://opendatacommunities.org/id/district-council/huntingdonshire,E0551,Huntingdonshire,E07000011,12UE,HUN,NMD,Huntingdonshire District Council,,
http://opendatacommunities.org/id/district-council/hyndburn,E2336,Hyndburn,E07000120,30UG,HYN,NMD,Hyndburn Borough Council,,
http://opendatacommunities.org/id/district-council/ipswich,E3533,Ipswich,E07000202,42UD,IPS,NMD,Ipswich Borough Council,,
http://opendatacommunities.org/id/unitary-authority/isle-of-wight,E2101,Isle of Wight,E06000046,00MW,IOW,UA,Isle of Wight Council,1905-06-17,
http://opendatacommunities.org/id/unitary-authority/scilly,E4001,Isles of Scilly,E06000053,00HF,IOS,UA,Council of the Isles of Scilly,1974-04-01,
http://opendatacommunities.org/id/london-borough-council/islington,E5015,Islington,E09000019,00AU,ISL,LBO,London Borough of Islington,,
http://opendatacommunities.org/id/london-borough-council/kensington-and-chelsea,E5016,Kensington and Chelsea,E09000020,00AW,KEC,LBO,Royal Borough of Kensington and Chelsea,,
http://opendatacommunities.org/id/county-council/kent,E2221,Kent,E10000016,29,KEN,CTY,Kent County Council,,
http://opendatacommunities.org/id/fire-authority/kent,E6122,Kent Combined Fire Authority,,,,,,,
http://opendatacommunities.org/id/police-authority/kent,E6022,Kent Police Authority,,,,,,,
http://opendatacommunities.org/id/district-council/kettering,E2834,Kettering,E07000153,34UE,KET,NMD,Kettering Borough Council,,
http://opendatacommunities.org/id/district-council/west-norfolk,E2634,King's Lynn and West Norfolk,E07000146,33UE,KIN,NMD,Borough Council of King's Lynn and West Norfolk,,
http://opendatacommunities.org/id/unitary-authority/hull,E2002,"Kingston upon Hull, City of",E06000010,00FA,KHL,UA,Hull City Council,1996-04-01,
http://opendatacommunities.org/id/london-borough-council/kingston,E5043,Kingston upon Thames,E09000021,00AX,KTT,LBO,Royal Borough of Kingston upon Thames,,
http://opendatacommunities.org/id/metropolitan-district-council/kirklees,E4703,Kirklees,E08000034,00CZ,KIR,MD,Kirklees Council,1974-04-01,
http://opendatacommunities.org/id/metropolitan-district-council/knowsley,E4301,Knowsley,E08000011,00BX,KWL,MD,Knowsley Metropolitan Borough Council,1974-04-01,
http://opendatacommunities.org/id/national-park-authority/lake-district,E6403,Lake District National Park Authority,,,,,,,
http://opendatacommunities.org/id/london-borough-council/lambeth,E5017,Lambeth,E09000022,00AY,LBH,LBO,London Borough of Lambeth,,
http://opendatacommunities.org/id/county-council/lancashire,E2321,Lancashire,E10000017,30,LAN,CTY,Lancashire County Council,,
http://opendatacommunities.org/id/fire-authority/lancashire,E6123,Lancashire Combined Fire Authority,,,,,,,
http://opendatacommunities.org/id/police-authority/lancashire,E6023,Lancashire Police Authority,,,,,,,
http://opendatacommunities.org/id/district-council/lancaster,E2337,Lancaster,E07000121,30UH,LAC,NMD,Lancaster City Council,,
http://opendatacommunities.org/id/regional-park-authority/lee-valley,E6803,Lee Valley Regional Park Authority,,,,,,,
http://opendatacommunities.org/id/metropolitan-district-council/leeds,E4704,Leeds,E08000035,00DA,LDS,MD,Leeds City Council,1905-06-08,
http://opendatacommunities.org/id/unitary-authority/leicester,E2401,Leicester,E06000016,00FN,LCE,UA,Leicester City Council,1905-06-19,
http://opendatacommunities.org/id/county-council/leicestershire,E2421,Leicestershire,E10000018,31,LEC,CTY,Leicestershire County Council,,
http://opendatacommunities.org/id/fire-authority/leicestershire,E6124,Leicestershire Combined Fire Authority,,,,,,,
http://opendatacommunities.org/id/police-authority/leicestershire,E6024,Leicestershire Police Authority,,,,,,,
http://opendatacommunities.org/id/district-council/lewes,E1435,Lewes,E07000063,21UF,LEE,NMD,Lewes District Council,,
http://opendatacommunities.org/id/london-borough-council/lewisham,E5018,Lewisham,E09000023,00AZ,LEW,LBO,London Borough of Lewisham,,
http://opendatacommunities.org/id/district-council/lichfield,E3433,Lichfield,E07000194,41UD,LIF,NMD,Lichfield District Council,,
http://opendatacommunities.org/id/district-council/lincoln,E2533,Lincoln,E07000138,32UD,LIC,NMD,City of Lincoln Council,,
http://opendatacommunities.org/id/county-council/lincolnshire,E2520,Lincolnshire,E10000019,32,LIN,CTY,Lincolnshire County Council,,
http://opendatacommunities.org/id/police-authority/lincolnshire,E6025,Lincolnshire Police Authority,,,,,,,
http://opendatacommunities.org/id/metropolitan-district-council/liverpool,E4302,Liverpool,E08000012,00BY,LIV,MD,Liverpool City Council,1905-06-08,
http://opendatacommunities.org/id/unitary-authority/luton,E0201,Luton,E06000032,00KA,LUT,UA,Luton Borough Council,1905-06-19,
http://opendatacommunities.org/id/district-council/maidstone,E2237,Maidstone,E07000110,29UH,MAI,NMD,Maidstone Borough Council,,
http://opendatacommunities.org/id/district-council/maldon,E1539,Maldon,E07000074,22UK,MAL,NMD,Maldon District Council,,
http://opendatacommunities.org/id/district-council/malvern-hills,E1851,Malvern Hills,E07000235,47UC,MAV,NMD,Malvern Hills District Council,,
http://opendatacommunities.org/id/metropolitan-district-council/manchester,E4203,Manchester,E08000003,00BN,MAN,MD,Manchester City Council,1974-04-01,
http://opendatacommunities.org/id/district-council/mansfield,E3035,Mansfield,E07000174,37UF,MAS,NMD,Mansfield District Council,,
http://opendatacommunities.org/id/unitary-authority/medway,E2201,Medway,E06000035,00LC,MDW,UA,Medway Council,1998-04-01,
http://opendatacommunities.org/id/district-council/melton,E2436,Melton,E07000133,31UG,MEL,NMD,Melton Borough Council,,
http://opendatacommunities.org/id/district-council/mendip,E3331,Mendip,E07000187,40UB,MEN,NMD,Mendip District Council,,
http://opendatacommunities.org/id/fire-authority/merseyside,E6143,Merseyside Fire & CD Authority,,,,,,,
http://opendatacommunities.org/id/transport-authority/merseyside,E6343,Merseyside Integrated Transport Authority,,,,,,,
http://opendatacommunities.org/id/police-authority/merseyside,E6043,Merseyside Police Authority,,,,,,,
http://opendatacommunities.org/id/waste-authority/merseyside,E6204,Merseyside Waste Disposal Authority,,,,,,,
http://opendatacommunities.org/id/london-borough-council/merton,E5044,Merton,E09000024,00BA,MRT,LBO,London Borough of Merton,,
http://opendatacommunities.org/id/district-council/mid-devon,E1133,Mid Devon,E07000042,18UD,MDE,NMD,Mid Devon District Council,,
http://opendatacommunities.org/id/district-council/mid-suffolk,E3534,Mid Suffolk,E07000203,42UE,MSU,NMD,Mid Suffolk District Council,,
http://opendatacommunities.org/id/district-council/mid-sussex,E3836,Mid Sussex,E07000228,45UG,MSS,NMD,Mid Sussex District Council,1974-04-01,
http://opendatacommunities.org/id/unitary-authority/middlesbrough,E0702,Middlesbrough,E06000002,00EC,MDB,UA,Middlesbrough Borough Council,1905-06-18,
http://opendatacommunities.org/id/unitary-authority/milton-keynes,E0401,Milton Keynes,E06000042,00MG,MIK,UA,Milton Keynes Council,1905-06-19,
http://opendatacommunities.org/id/district-council/mole-valley,E3634,Mole Valley,E07000210,43UE,MOL,NMD,Mole Valley District Council,,
http://opendatacommunities.org/id/district-council/new-forest,E1738,New Forest,E07000091,24UJ,NEW,NMD,New Forest District Council,,
http://opendatacommunities.org/id/national-park-authority/new-forest,E6409,New Forest National Park Authority,,,,,,,
http://opendatacommunities.org/id/district-council/newark-and-sherwood,E3036,Newark and Sherwood,E07000175,37UG,NEA,NMD,Newark and Sherwood District Council,,
http://opendatacommunities.org/id/metropolitan-district-council/newcastle,E4502,Newcastle upon Tyne,E08000021,00CJ,NET,MD,Newcastle City Council,1974-04-01,
http://opendatacommunities.org/id/district-council/newcastle-staffs,E3434,Newcastle-under-Lyme,E07000195,41UE,NEC,NMD,Newcastle-under-Lyme Borough Council,,
http://opendatacommunities.org/id/london-borough-council/newham,E5045,Newham,E09000025,00BB,NWM,LBO,London Borough of Newham,,
http://opendatacommunities.org/id/county-council/norfolk,E2620,Norfolk,E10000020,33,NFK,CTY,Norfolk County Council,,
http://opendatacommunities.org/id/police-authority/norfolk,E6026,Norfolk Police Authority,,,,,,,
http://opendatacommunities.org/id/district-council/north-devon,E1134,North Devon,E07000043,18UE,NDE,NMD,North Devon District Council,,
http://opendatacommunities.org/id/district-council/north-dorset,E1234,North Dorset,E07000050,19UE,NDO,NMD,North Dorset District Council,,2019-03-31
http://opendatacommunities.org/id/district-council/north-east-derbyshire,E1038,North East Derbyshire,E07000038,17UJ,NED,NMD,North East Derbyshire District Council,,
http://opendatacommunities.org/id/unitary-authority/north-east-lincolnshire,E2003,North East Lincolnshire,E06000012,00FC,NEL,UA,North East Lincolnshire Council,1996-04-01,
http://opendatacommunities.org/id/district-council/north-hertfordshire,E1935,North Hertfordshire,E07000099,26UF,NHE,NMD,North Hertfordshire District Council,,
http://opendatacommunities.org/id/district-council/north-kesteven,E2534,North Kesteven,E07000139,32UE,NKE,NMD,North Kesteven District Council,,
http://opendatacommunities.org/id/unitary-authority/north-lincolnshire,E2004,North Lincolnshire,E06000013,00FD,NLN,UA,North Lincolnshire Council,1996-04-01,
http://opendatacommunities.org/id/waste-authority/north-london,E6205,North London Waste Authority,,,,,,,
http://opendatacommunities.org/id/district-council/north-norfolk,E2635,North Norfolk,E07000147,33UF,NNO,NMD,North Norfolk District Council,,
http://opendatacommunities.org/id/unitary-authority/north-somerset,E0104,North Somerset,E06000024,00HC,NSM,UA,North Somerset  Council,1996-04-01,
http://opendatacommunities.org/id/metropolitan-district-council/north-tyneside,E4503,North Tyneside,E08000022,00CK,NTY,MD,North Tyneside Council,1974-04-01,
http://opendatacommunities.org/id/district-council/north-warwickshire,E3731,North Warwickshire,E07000218,44UB,NWA,NMD,North Warwickshire Borough Council,,
http://opendatacommunities.org/id/district-council/north-west-leicestershire,E2437,North West Leicestershire,E07000134,31UH,NWL,NMD,North West Leicestershire District Council,,
http://opendatacommunities.org/id/national-park-authority/north-york-moors,E6404,North York Moors National Park Authority,,,,,,,
http://opendatacommunities.org/id/county-council/north-yorkshire,E2721,North Yorkshire,E10000023,36,NYK,CTY,North Yorkshire County Council,,
http://opendatacommunities.org/id/fire-authority/north-yorkshire,E6127,North Yorkshire Combined Fire Authority,,,,,,,
http://opendatacommunities.org/id/police-authority/north-yorkshire,E6027,North Yorkshire Police Authority,,,,,,,
http://opendatacommunities.org/id/district-council/northampton,E2835,Northampton,E07000154,34UF,NOR,NMD,Northampton Borough Council,,
http://opendatacommunities.org/id/county-council/northamptonshire,E2820,Northamptonshire,E10000021,34,NTH,CTY,Northamptonshire County Council,,
http://opendatacommunities.org/id/police-authority/northamptonshire,E6028,Northamptonshire Police Authority,,,,,,,
http://opendatacommunities.org/id/unitary-authority/northumberland,E2901,Northumberland,E06000057,00EM,NBL,UA,Northumberland County Council,2009-04-01,
http://opendatacommunities.org/id/national-park-authority/northumberland,E6405,Northumberland National Park Authority,,,,,,,
http://opendatacommunities.org/id/police-authority/northumbria,E6045,Northumbria Police Authority,,,,,,,
http://opendatacommunities.org/id/district-council/norwich,E2636,Norwich,E07000148,33UG,NOW,NMD,Norwich City Council,,
http://opendatacommunities.org/id/unitary-authority/nottingham,E3001,Nottingham,E06000018,00FY,NGM,UA,Nottingham City Council,1905-06-20,
http://opendatacommunities.org/id/county-council/nottinghamshire,E3021,Nottinghamshire,E10000024,37,NTT,CTY,Nottinghamshire County Council,,
http://opendatacommunities.org/id/fire-authority/nottinghamshire,E6130,Nottinghamshire Combined Fire Authority,,,,,,,
http://opendatacommunities.org/id/police-authority/nottinghamshire,E6030,Nottinghamshire Police Authority,,,,,,,
http://opendatacommunities.org/id/district-council/nuneaton-and-bedworth,E3732,Nuneaton and Bedworth,E07000219,44UC,NUN,NMD,Nuneaton and Bedworth Borough Council,,
http://opendatacommunities.org/id/district-council/oadby-and-wigston,E2438,Oadby and Wigston,E07000135,31UJ,OAD,NMD,Oadby and Wigston Borough Council,,
http://opendatacommunities.org/id/metropolitan-district-council/oldham,E4204,Oldham,E08000004,00BP,OLD,MD,Oldham Metropolitan Borough Council,1905-06-07,
http://opendatacommunities.org/id/district-council/oxford,E3132,Oxford,E07000178,38UC,OXO,NMD,Oxford City Council,,
http://opendatacommunities.org/id/county-council/oxfordshire,E3120,Oxfordshire,E10000025,38,OXF,CTY,Oxfordshire County Council,,
http://opendatacommunities.org/id/national-park-authority/peak-district,E6406,Peak District National Park Authority,,,,,,,
http://opendatacommunities.org/id/district-council/pendle,E2338,Pendle,E07000122,30UJ,PEN,NMD,Pendle Borough Council,,
http://opendatacommunities.org/id/unitary-authority/peterborough,E0501,Peterborough,E06000031,00JA,PTE,UA,Peterborough City Council,1905-06-20,
http://opendatacommunities.org/id/unitary-authority/plymouth,E1101,Plymouth,E06000026,00HG,PLY,UA,Plymouth City Council,1998-04-01,
http://opendatacommunities.org/id/unitary-authority/poole,E1201,Poole,E06000029,00HP,POL,UA,Borough of Poole,1997-04-01,2019-03-31
http://opendatacommunities.org/id/unitary-authority/portsmouth,E1701,Portsmouth,E06000044,00MR,POR,UA,Portsmouth City Council,1905-06-20,
http://opendatacommunities.org/id/district-council/preston,E2339,Preston,E07000123,30UK,PRE,NMD,Preston City Council,,
http://opendatacommunities.org/id/district-council/purbeck,E1236,Purbeck,E07000051,19UG,PUR,NMD,Purbeck District Council,,2019-03-31
http://opendatacommunities.org/id/unitary-authority/reading,E0303,Reading,E06000038,00MC,RDG,UA,Reading Borough Council,1905-05-27,
http://opendatacommunities.org/id/london-borough-council/redbridge,E5046,Redbridge,E09000026,00BC,RDB,LBO,London Borough of Redbridge,,
http://opendatacommunities.org/id/unitary-authority/redcar-and-cleveland,E0703,Redcar and Cleveland,E06000003,00EE,RCC,UA,Redcar and Cleveland Borough Council,1996-04-01,
http://opendatacommunities.org/id/district-council/redditch,E1835,Redditch,E07000236,47UD,RED,NMD,Redditch Borough Council,,
http://opendatacommunities.org/id/district-council/reigate-banstead,E3635,Reigate and Banstead,E07000211,43UF,REI,NMD,Reigate and Banstead Borough Council,,
http://opendatacommunities.org/id/district-council/ribble-valley,E2340,Ribble Valley,E07000124,30UL,RIB,NMD,Ribble Valley Borough Council,,
http://opendatacommunities.org/id/london-borough-council/richmond,E5047,Richmond upon Thames,E09000027,00BD,RIC,LBO,London Borough of Richmond upon Thames,,
http://opendatacommunities.org/id/district-council/richmondshire,E2734,Richmondshire,E07000166,36UE,RIH,NMD,Richmondshire District Council,,
http://opendatacommunities.org/id/metropolitan-district-council/rochdale,E4205,Rochdale,E08000005,00BQ,RCH,MD,Rochdale Metropolitan Borough Council,1905-05-27,
http://opendatacommunities.org/id/district-council/rochford,E1540,Rochford,E07000075,22UL,ROC,NMD,Rochford District Council,,
http://opendatacommunities.org/id/district-council/rossendale,E2341,Rossendale,E07000125,30UM,ROS,NMD,Rossendale Borough Council,,
http://opendatacommunities.org/id/district-council/rother,E1436,Rother,E07000064,21UG,ROH,NMD,Rother District Council,,
http://opendatacommunities.org/id/metropolitan-district-council/rotherham,E4403,Rotherham,E08000018,00CF,ROT,MD,Rotherham Metropolitan Borough Council,1905-05-27,
http://opendatacommunities.org/id/district-council/rugby,E3733,Rugby,E07000220,44UD,RUG,NMD,Rugby Borough Council,,
http://opendatacommunities.org/id/district-council/runnymede,E3636,Runnymede,E07000212,43UG,RUN,NMD,Runnymede Borough Council,,
http://opendatacommunities.org/id/district-council/rushcliffe,E3038,Rushcliffe,E07000176,37UJ,RUS,NMD,Rushcliffe Borough Council,,
http://opendatacommunities.org/id/district-council/rushmoor,E1740,Rushmoor,E07000092,24UL,RUH,NMD,Rushmoor Borough Council,,
http://opendatacommunities.org/id/unitary-authority/rutland,E2402,Rutland,E06000017,00FP,RUT,UA,Rutland County Council,1997-04-01,
http://opendatacommunities.org/id/district-council/ryedale,E2755,Ryedale,E07000167,36UF,RYE,NMD,Ryedale District Council,,
http://opendatacommunities.org/id/metropolitan-district-council/salford,E4206,Salford,E08000006,00BR,SLF,MD,Salford City Council,1905-05-27,
http://opendatacommunities.org/id/metropolitan-district-council/sandwell,E4604,Sandwell,E08000028,00CS,SAW,MD,Sandwell Metropolitan Borough Council,1905-06-07,
http://opendatacommunities.org/id/district-council/scarborough,E2736,Scarborough,E07000168,36UG,SCE,NMD,Scarborough Borough Council,,
http://opendatacommunities.org/id/district-council/sedgemoor,E3332,Sedgemoor,E07000188,40UC,SEG,NMD,Sedgemoor District Council,,
http://opendatacommunities.org/id/metropolitan-district-council/sefton,E4304,Sefton,E08000014,00CA,SFT,MD,Sefton Metropolitan Borough Council,1905-06-08,
http://opendatacommunities.org/id/district-council/selby,E2757,Selby,E07000169,36UH,SEL,NMD,Selby District Council,,
http://opendatacommunities.org/id/district-council/sevenoaks,E2239,Sevenoaks,E07000111,29UK,SEV,NMD,Sevenoaks District Council,,
http://opendatacommunities.org/id/metropolitan-district-council/sheffield,E4404,Sheffield,E08000019,00CG,SHF,MD,Sheffield City Council,1905-06-08,
http://opendatacommunities.org/id/unitary-authority/shropshire,E3202,Shropshire,E06000051,00GG,SHR,UA,Shropshire Council,2009-04-01,
http://opendatacommunities.org/id/fire-authority/shropshire,E6132,Shropshire Combined Fire Authority,,,,,,,
http://opendatacommunities.org/id/unitary-authority/slough,E0304,Slough,E06000039,00MD,SLG,UA,Slough Borough Council,1998-04-01,
http://opendatacommunities.org/id/metropolitan-district-council/solihull,E4605,Solihull,E08000029,00CT,SOL,MD,Solihull Metropolitan Borough Council,1905-05-27,
http://opendatacommunities.org/id/county-council/somerset,E3320,Somerset,E10000027,40,SOM,CTY,Somerset County Council,,
http://opendatacommunities.org/id/district-council/south-bucks,E0434,South Bucks,E07000006,11UE,SBU,NMD,South Bucks District Council,,
http://opendatacommunities.org/id/district-council/south-cambridgeshire,E0536,South Cambridgeshire,E07000012,12UG,SCA,NMD,South Cambridgeshire District Council,,
http://opendatacommunities.org/id/district-council/south-derbyshire,E1039,South Derbyshire,E07000039,17UK,SDE,NMD,South Derbyshire District Council,,
http://opendatacommunities.org/id/national-park-authority/south-downs,E6410,South Downs National Park,,,,,,,
http://opendatacommunities.org/id/unitary-authority/south-gloucestershire,E0103,South Gloucestershire,E06000025,00HD,SGC,UA,South Gloucestershire Council,1905-06-18,
http://opendatacommunities.org/id/district-council/south-hams,E1136,South Hams,E07000044,18UG,SHA,NMD,South Hams District Council,,
http://opendatacommunities.org/id/district-council/south-holland,E2535,South Holland,E07000140,32UF,SHO,NMD,South Holland District Council,,
http://opendatacommunities.org/id/district-council/south-kesteven,E2536,South Kesteven,E07000141,32UG,SKE,NMD,South Kesteven District Council,,
http://opendatacommunities.org/id/district-council/south-lakeland,E0936,South Lakeland,E07000031,16UG,SLA,NMD,South Lakeland District Council,,
http://opendatacommunities.org/id/district-council/south-norfolk,E2637,South Norfolk,E07000149,33UH,SNO,NMD,South Norfolk District Council,,
http://opendatacommunities.org/id/district-council/south-northamptonshire,E2836,South Northamptonshire,E07000155,34UG,SNR,NMD,South Northamptonshire Council,,
http://opendatacommunities.org/id/district-council/south-oxfordshire,E3133,South Oxfordshire,E07000179,38UD,SOX,NMD,South Oxfordshire District Council,,
http://opendatacommunities.org/id/district-council/south-ribble,E2342,South Ribble,E07000126,30UN,SRI,NMD,South Ribble Borough Council,,
http://opendatacommunities.org/id/district-council/south-somerset,E3334,South Somerset,E07000189,40UD,SSO,NMD,South Somerset District Council,,
http://opendatacommunities.org/id/district-council/south-staffordshire,E3435,South Staffordshire,E07000196,41UF,SST,NMD,South Staffordshire Council,,
http://opendatacommunities.org/id/metropolitan-district-council/south-tyneside,E4504,South Tyneside,E08000023,00CL,STY,MD,South Tyneside Council,1974-04-01,
http://opendatacommunities.org/id/fire-authority/south-yorkshire,E6144,South Yorkshire Fire & CD Authority,,,,,,,
http://opendatacommunities.org/id/transport-authority/south-yorkshire,E6344,South Yorkshire Integrated Transport Authority,,,,,,,
http://opendatacommunities.org/id/police-authority/south-yorkshire,E6044,South Yorkshire Police Authority,,,,,,,
http://opendatacommunities.org/id/unitary-authority/southampton,E1702,Southampton,E06000045,00MS,STH,UA,Southampton City Council,1905-06-19,
http://opendatacommunities.org/id/unitary-authority/southend,E1501,Southend-on-Sea,E06000033,00KF,SOS,UA,Southend-on-Sea Borough Council,1905-06-20,
http://opendatacommunities.org/id/london-borough-council/southwark,E5019,Southwark,E09000028,00BE,SWK,LBO,London Borough of Southwark,,
http://opendatacommunities.org/id/district-council/spelthorne,E3637,Spelthorne,E07000213,43UH,SPE,NMD,Spelthorne Borough Council,,
http://opendatacommunities.org/id/district-council/st-albans,E1936,St Albans,E07000240,26UG,SAL,NMD,St Albans City and District Council,,
http://opendatacommunities.org/id/district-council/st-edmundsbury,E3535,St Edmundsbury,E07000204,42UF,SED,NMD,St Edmundsbury Borough Council,,2019-03-31
http://opendatacommunities.org/id/metropolitan-district-council/st-helens,E4303,St. Helens,E08000013,00BZ,SHN,MD,St Helens Council,1905-06-08,
http://opendatacommunities.org/id/district-council/stafford,E3436,Stafford,E07000197,41UG,STA,NMD,Stafford Borough Council,,
http://opendatacommunities.org/id/county-council/staffordshire,E3421,Staffordshire,E10000028,41,STS,CTY,Staffordshire County Council,,
http://opendatacommunities.org/id/fire-authority/staffordshire,E6134,Staffordshire Combined Fire Authority,,,,,,,
http://opendatacommunities.org/id/district-council/staffordshire-moorlands,E3437,Staffordshire Moorlands,E07000198,41UH,STF,NMD,Staffordshire Moorlands District Council,,
http://opendatacommunities.org/id/police-authority/staffordshire,E6034,Staffordshire Police Authority,,,,,,,
http://opendatacommunities.org/id/district-council/stevenage,E1937,Stevenage,E07000243,26UH,STV,NMD,Stevenage Borough Council,,
http://opendatacommunities.org/id/metropolitan-district-council/stockport,E4207,Stockport,E08000007,00BS,SKP,MD,Stockport Metropolitan Borough Council,1905-05-27,
http://opendatacommunities.org/id/unitary-authority/stockton-on-tees,E0704,Stockton-on-Tees,E06000004,00EF,STT,UA,Stockton-on-Tees Borough Council,1905-06-18,
http://opendatacommunities.org/id/unitary-authority/stoke-on-trent,E3401,Stoke-on-Trent,E06000021,00GL,STE,UA,Stoke-on-Trent City Council,1905-06-20,
http://opendatacommunities.org/id/district-council/stratford,E3734,Stratford-on-Avon,E07000221,44UE,STR,NMD,Stratford-on-Avon District Council,,
http://opendatacommunities.org/id/district-council/stroud,E1635,Stroud,E07000082,23UF,STO,NMD,Stroud District Council,,
http://opendatacommunities.org/id/county-council/suffolk,E3520,Suffolk,E10000029,42,SFK,CTY,Suffolk County Council,,
http://opendatacommunities.org/id/district-council/suffolk-coastal,E3536,Suffolk Coastal,E07000205,42UG,SUF,NMD,Suffolk Coastal District Council,,2019-03-31
http://opendatacommunities.org/id/police-authority/suffolk,E6035,Suffolk Police Authority,,,,,,,
http://opendatacommunities.org/id/metropolitan-district-council/sunderland,E4505,Sunderland,E08000024,00CM,SND,MD,Sunderland City Council,1905-05-27,
http://opendatacommunities.org/id/county-council/surrey,E3620,Surrey,E10000030,43,SRY,CTY,Surrey County Council,,
http://opendatacommunities.org/id/district-council/surrey-heath,E3638,Surrey Heath,E07000214,43UJ,SUR,NMD,Surrey Heath Borough Council,,
http://opendatacommunities.org/id/police-authority/surrey,E6073,Surrey Police Authority (new),,,,,,,
http://opendatacommunities.org/id/police-authority/sussex,E6053,Sussex Police Authority,,,,,,,
http://opendatacommunities.org/id/london-borough-council/sutton,E5048,Sutton,E09000029,00BF,STN,LBO,London Borough of Sutton,,
http://opendatacommunities.org/id/district-council/swale,E2241,Swale,E07000113,29UM,SWL,NMD,Swale Borough Council,,
http://opendatacommunities.org/id/unitary-authority/swindon,E3901,Swindon,E06000030,00HX,SWD,UA,Swindon Borough Council,1905-06-20,
http://opendatacommunities.org/id/metropolitan-district-council/tameside,E4208,Tameside,E08000008,00BT,TAM,MD,Tameside Metropolitan Borough Council,1974-04-01,
http://opendatacommunities.org/id/district-council/tamworth,E3439,Tamworth,E07000199,41UK,TAW,NMD,Tamworth Borough Council,,
http://opendatacommunities.org/id/district-council/tandridge,E3639,Tandridge,E07000215,43UK,TAN,NMD,Tandridge District Council,,
http://opendatacommunities.org/id/district-council/taunton-deane,E3333,Taunton Deane,E07000190,40UE,TAU,NMD,Taunton Deane Borough Council,,2019-03-31
http://opendatacommunities.org/id/district-council/teignbridge,E1137,Teignbridge,E07000045,18UH,TEI,NMD,Teignbridge District Council,,
http://opendatacommunities.org/id/unitary-authority/telford-and-wrekin,E3201,Telford and Wrekin,E06000020,00GF,TFW,UA,Telford & Wrekin Council,1905-06-20,
http://opendatacommunities.org/id/district-council/tendring,E1542,Tendring,E07000076,22UN,TEN,NMD,Tendring District Council,,
http://opendatacommunities.org/id/district-council/test-valley,E1742,Test Valley,E07000093,24UN,TES,NMD,Test Valley Borough Council,,
http://opendatacommunities.org/id/district-council/tewkesbury,E1636,Tewkesbury,E07000083,23UG,TEW,NMD,Tewkesbury Borough Council,,
http://opendatacommunities.org/id/police-authority/thames-valley,E6054,Thames Valley Police Authority,,,,,,,
http://opendatacommunities.org/id/district-council/thanet,E2242,Thanet,E07000114,29UN,THA,NMD,Thanet District Council,,
http://opendatacommunities.org/id/national-park-authority/the-broads,E6408,The Broads Authority,,,,,,,
http://opendatacommunities.org/id/district-council/three-rivers,E1938,Three Rivers,E07000102,26UJ,THE,NMD,Three Rivers District Council,,
http://opendatacommunities.org/id/unitary-authority/thurrock,E1502,Thurrock,E06000034,00KG,THR,UA,Thurrock Council,1905-06-20,
http://opendatacommunities.org/id/district-council/tonbridge-and-malling,E2243,Tonbridge and Malling,E07000115,29UP,TON,NMD,Tonbridge and Malling Borough Council,,
http://opendatacommunities.org/id/unitary-authority/torbay,E1102,Torbay,E06000027,00HH,TOB,UA,Torbay Council,1905-06-20,
http://opendatacommunities.org/id/district-council/torridge,E1139,Torridge,E07000046,18UK,TOR,NMD,Torridge District Council,,
http://opendatacommunities.org/id/london-borough-council/tower-hamlets,E5020,Tower Hamlets,E09000030,00BG,TWH,LBO,London Borough of Tower Hamlets,,
http://opendatacommunities.org/id/metropolitan-district-council/trafford,E4209,Trafford,E08000009,00BU,TRF,MD,Trafford Metropolitan Borough Council,1974-04-01,
http://opendatacommunities.org/id/district-council/tunbridge-wells,E2244,Tunbridge Wells,E07000116,29UQ,TUN,NMD,Tunbridge Wells Borough Council,,
http://opendatacommunities.org/id/fire-authority/tyne-and-wear,E6145,Tyne and Wear Fire & CD Authority,,,,,,,
http://opendatacommunities.org/id/transport-authority/tyne-and-wear,E6345,Tyne and Wear Integrated Transport Authority,,,,,,,
http://opendatacommunities.org/id/district-council/uttlesford,E1544,Uttlesford,E07000077,22UQ,UTT,NMD,Uttlesford District Council,,
http://opendatacommunities.org/id/district-council/vale-of-white-horse,E3134,Vale of White Horse,E07000180,38UE,VAL,NMD,Vale of White Horse District Council,,
http://opendatacommunities.org/id/metropolitan-district-council/wakefield,E4705,Wakefield,E08000036,00DB,WKF,MD,Wakefield Metropolitan District Council,1974-04-01,
http://opendatacommunities.org/id/metropolitan-district-council/walsall,E4606,Walsall,E08000030,00CU,WLL,MD,Walsall Metropolitan Borough Council,1974-04-01,
http://opendatacommunities.org/id/london-borough-council/waltham-forest,E5049,Waltham Forest,E09000031,00BH,WFT,LBO,London Borough of Waltham Forest,,
http://opendatacommunities.org/id/london-borough-council/wandsworth,E5021,Wandsworth,E09000032,00BJ,WND,LBO,London Borough of Wandsworth,,
http://opendatacommunities.org/id/unitary-authority/warrington,E0602,Warrington,E06000007,00EU,WRT,UA,Warrington Borough Council,1905-06-20,
http://opendatacommunities.org/id/district-council/warwick,E3735,Warwick,E07000222,44UF,WAW,NMD,Warwick District Council,,
http://opendatacommunities.org/id/county-council/warwickshire,E3720,Warwickshire,E10000031,44,WAR,CTY,Warwickshire County Council,,
http://opendatacommunities.org/id/police-authority/warwickshire,E6037,Warwickshire Police Authority,,,,,,,
http://opendatacommunities.org/id/district-council/watford,E1939,Watford,E07000103,26UK,WAT,NMD,Watford Borough Council,,
http://opendatacommunities.org/id/district-council/waveney,E3537,Waveney,E07000206,42UH,WAV,NMD,Waveney District Council,,2019-03-31
http://opendatacommunities.org/id/district-council/waverley,E3640,Waverley,E07000216,43UL,WAE,NMD,Waverley Borough Council,,
http://opendatacommunities.org/id/district-council/wealden,E1437,Wealden,E07000065,21UH,WEA,NMD,Wealden District Council,,
http://opendatacommunities.org/id/district-council/wellingborough,E2837,Wellingborough,E07000156,34UH,WEL,NMD,Wellingborough Borough Council,,
http://opendatacommunities.org/id/district-council/welwyn-hatfield,E1940,Welwyn Hatfield,E07000241,26UL,WEW,NMD,Welwyn Hatfield Borough Council,,
http://opendatacommunities.org/id/unitary-authority/west-berkshire,E0302,West Berkshire,E06000037,00MB,WBK,UA,West Berkshire Council,1905-06-20,
http://opendatacommunities.org/id/district-council/west-devon,E1140,West Devon,E07000047,18UL,WDE,NMD,West Devon Borough Council,,
http://opendatacommunities.org/id/district-council/west-dorset,E1237,West Dorset,E07000052,19UH,WDO,NMD,West Dorset District Council,,2019-03-31
http://opendatacommunities.org/id/district-council/west-lancashire,E2343,West Lancashire,E07000127,30UP,WLA,NMD,West Lancashire Borough Council,,
http://opendatacommunities.org/id/district-council/west-lindsey,E2537,West Lindsey,E07000142,32UH,WLI,NMD,West Lindsey District Council,,
http://opendatacommunities.org/id/waste-authority/west-london,E6207,West London Waste Authority,,,,,,,
http://opendatacommunities.org/id/police-authority/west-mercia,E6055,West Mercia Police Authority,,,,,,,
http://opendatacommunities.org/id/fire-authority/west-midlands,E6146,West Midlands Fire & CD Authority,,,,,,,
http://opendatacommunities.org/id/transport-authority/west-midlands,E6346,West Midlands Integrated Transport Authority,,,,,,,
http://opendatacommunities.org/id/police-authority/west-midlands,E6046,West Midlands Police Authority,,,,,,,
http://opendatacommunities.org/id/district-council/west-oxfordshire,E3135,West Oxfordshire,E07000181,38UF,WOX,NMD,West Oxfordshire District Council,,
http://opendatacommunities.org/id/district-council/west-somerset,E3335,West Somerset,E07000191,40UF,WSO,NMD,West Somerset District Council,,2019-03-31
http://opendatacommunities.org/id/county-council/west-sussex,E3820,West Sussex,E10000032,45,WSX,CTY,West Sussex County Council,,
http://opendatacommunities.org/id/fire-authority/west-yorkshire,E6147,West Yorkshire Fire & CD Authority,,,,,,,
http://opendatacommunities.org/id/transport-authority/west-yorkshire,E6347,West Yorkshire Integrated Transport Authority,,,,,,,
http://opendatacommunities.org/id/police-authority/west-yorkshire,E6047,West Yorkshire Police Authority,,,,,,,
http://opendatacommunities.org/id/waste-authority/western-riverside,E6206,Western Riverside Waste Authority,,,,,,,
http://opendatacommunities.org/id/london-borough-council/westminster,E5022,Westminster,E09000033,00BK,WSM,LBO,City of Westminster,,
http://opendatacommunities.org/id/district-council/weymouth-and-portland,E1238,Weymouth and Portland,E07000053,19UJ,WEY,NMD,Weymouth and Portland Borough Council,,2019-03-31
http://opendatacommunities.org/id/metropolitan-district-council/wigan,E4210,Wigan,E08000010,00BW,WGN,MD,Wigan Metropolitan Borough Council,1974-04-01,
http://opendatacommunities.org/id/unitary-authority/wiltshire,E3902,Wiltshire,E06000054,00HY,WIL,UA,Wiltshire Council,2009-04-01,
http://opendatacommunities.org/id/fire-authority/wiltshire,E6139,Wiltshire Combined Fire Authority,,,,,,,
http://opendatacommunities.org/id/police-authority/wiltshire,E6039,Wiltshire Police Authority,,,,,,,
http://opendatacommunities.org/id/district-council/winchester,E1743,Winchester,E07000094,24UP,WIN,NMD,Winchester City Council,,
http://opendatacommunities.org/id/unitary-authority/windsor-and-maidenhead,E0305,Windsor and Maidenhead,E06000040,00ME,WNM,UA,Royal Borough of Windsor and Maidenhead,1905-06-20,
http://opendatacommunities.org/id/metropolitan-district-council/wirral,E4305,Wirral,E08000015,00CB,WRL,MD,Wirral Borough Council,1974-04-01,
http://opendatacommunities.org/id/district-council/woking,E3641,Woking,E07000217,43UM,WOI,NMD,Woking Borough Council,,
http://opendatacommunities.org/id/unitary-authority/wokingham,E0306,Wokingham,E06000041,00MF,WOK,UA,Wokingham Borough Council,1905-06-20,
http://opendatacommunities.org/id/metropolitan-district-council/wolverhampton,E4607,Wolverhampton,E08000031,00CW,WLV,MD,City of Wolverhampton Council,1974-04-01,
http://opendatacommunities.org/id/district-council/worcester,E1837,Worcester,E07000237,47UE,WOC,NMD,Worcester City Council,,
http://opendatacommunities.org/id/county-council/worcestershire,E1821,Worcestershire,E10000034,47,WOR,CTY,Worcestershire County Council,,
http://opendatacommunities.org/id/district-council/worthing,E3837,Worthing,E07000229,45UH,WOT,NMD,Worthing Borough Council,1905-06-25,
http://opendatacommunities.org/id/district-council/wychavon,E1838,Wychavon,E07000238,47UF,WYC,NMD,Wychavon District Council,,
http://opendatacommunities.org/id/district-council/wycombe,E0435,Wycombe,E07000007,11UF,WYO,NMD,Wycombe District Council,,
http://opendatacommunities.org/id/district-council/wyre,E2344,Wyre,E07000128,30UQ,WYR,NMD,Wyre Borough Council,,
http://opendatacommunities.org/id/district-council/wyre-forest,E1839,Wyre Forest,E07000239,47UG,WYE,NMD,Wyre Forest District Council,,
http://opendatacommunities.org/id/unitary-authority/york,E2701,York,E06000014,00FF,YOR,UA,City of York Council,1905-06-18,
http://opendatacommunities.org/id/national-park-authority/yorkshire-dales,E6407,Yorkshire Dales National Park Authority,,,,,,,
