index-entry-number,entry-number,entry-timestamp,key,local-authority-eng,local-authority-type,name,official-name,start-date,end-date
393,393,2020-02-29T11:57:30Z,BUC,BUC,UA,Buckinghamshire,"Buckinghamshire Council",2020-04-01,
392,392,2020-02-29T11:57:30Z,BKM,BKM,CTY,Buckinghamshire,"Buckinghamshire County Council",1905-06-19,2020-03-31
391,391,2020-02-29T11:57:30Z,AYL,AYL,NMD,"Aylesbury Vale","Aylesbury Vale District Council",,2020-03-31
390,390,2020-02-29T11:57:30Z,CHN,CHN,NMD,Chiltern,"Chiltern District Council",,2020-03-31
389,389,2020-02-29T11:57:30Z,SBU,SBU,NMD,"South Bucks","South Bucks District Council",,2020-03-31
388,388,2020-02-29T11:57:30Z,WYO,WYO,NMD,Wycombe,"Wycombe District Council",,2020-03-31
387,387,2018-10-10T09:09:57Z,BPC,BPC,UA,"Bournemouth, Christchurch and Poole","Bournemouth, Christchurch and Poole Council",2019-04-01,
386,386,2018-10-09T14:07:04Z,DST,DST,UA,"Dorset Council","Dorset Council",2019-04-01,
384,384,2018-10-09T14:05:00Z,SWT,SWT,NMD,"Somerset West and Taunton","Somerset West and Taunton Council",2019-04-01,
383,383,2018-10-09T14:03:52Z,WSK,WSK,NMD,"West Suffolk","West Suffolk Council",2019-04-01,
382,382,2018-10-09T14:02:55Z,ESK,ESK,NMD,"East Suffolk","East Suffolk Council",2019-04-01,
381,381,2018-10-09T14:00:14Z,WEY,WEY,NMD,"Weymouth and Portland","Weymouth and Portland Borough Council",,2019-03-31
380,380,2018-10-09T13:59:59Z,WDO,WDO,NMD,"West Dorset","West Dorset District Council",,2019-03-31
379,379,2018-10-09T13:59:39Z,PUR,PUR,NMD,Purbeck,"Purbeck District Council",,2019-03-31
378,378,2018-10-09T13:58:58Z,NDO,NDO,NMD,"North Dorset","North Dorset District Council",,2019-03-31
377,377,2018-10-09T13:58:34Z,EDO,EDO,NMD,"East Dorset","East Dorset District Council",,2019-03-31
376,376,2018-10-09T13:58:14Z,DOR,DOR,CTY,Dorset,"Dorset County Council",,2019-03-31
375,375,2018-10-09T13:57:48Z,CHC,CHC,NMD,Christchurch,"Christchurch Borough Council",,2019-03-31
374,374,2018-10-09T13:57:29Z,POL,POL,UA,Poole,"Borough of Poole",1997-04-01,2019-03-31
373,373,2018-10-09T13:57:11Z,BMH,BMH,UA,Bournemouth,"Bournemouth Borough Council",1905-06-19,2019-03-31
372,372,2018-10-09T13:56:47Z,SED,SED,NMD,"St Edmundsbury","St Edmundsbury Borough Council",,2019-03-31
371,371,2018-10-09T13:56:31Z,FOR,FOR,NMD,"Forest Heath","Forest Heath District Council",,2019-03-31
370,370,2018-10-09T13:55:00Z,WSO,WSO,NMD,"West Somerset","West Somerset District Council",,2019-03-31
369,369,2018-10-09T13:54:36Z,TAU,TAU,NMD,"Taunton Deane","Taunton Deane Borough Council",,2019-03-31
368,368,2018-10-09T13:54:14Z,WAV,WAV,NMD,Waveney,"Waveney District Council",,2019-03-31
367,367,2018-10-09T13:53:57Z,SUF,SUF,NMD,"Suffolk Coastal","Suffolk Coastal District Council",,2019-03-31
366,366,2018-10-09T13:52:40Z,TVCA,TVCA,COMB,"Tees Valley Combined Authority","Tees Valley Combined Authority",2014-04-01,
365,365,2018-10-09T13:52:06Z,CPCA,CPCA,COMB,"Cambridgeshire and Peterborough Combined Authority","Cambridgeshire and Peterborough Combined Authority",2014-04-01,
364,364,2018-10-09T13:51:05Z,WMCA,WMCA,COMB,"West Midlands Combined Authority","West Midlands Combined Authority",2014-04-01,
363,363,2018-10-09T13:50:29Z,GMCA,GMCA,COMB,"Greater Manchester Combined Authority","Greater Manchester Combined Authority",2014-04-01,
362,362,2018-10-09T13:49:47Z,WECA,WECA,COMB,"West of England Combined Authority","West of England Combined Authority",2014-04-01,
361,361,2018-10-09T13:49:00Z,SCR,SCR,COMB,"Sheffield City Region","Sheffield City Region",2014-04-01,
360,360,2018-10-09T13:48:27Z,LCR,LCR,COMB,"Liverpool City Region","Liverpool City Region",2014-04-01,
359,359,2018-04-05T09:59:35Z,SHE,SHE,NMD,"Folkestone & Hythe","Folkestone and Hythe Council",,
358,358,2017-07-04T10:55:43Z,BIR,BIR,MD,Birmingham,"Birmingham City Council",1986-07-01,
357,357,2017-01-26T12:34:10Z,KIN,KIN,NMD,"King's Lynn and West Norfolk","Borough Council of King's Lynn and West Norfolk",,
356,356,2016-11-01T14:16:54Z,GLA,GLA,SRA,"Greater London","Greater London Authority",1905-06-22,
355,355,2016-10-31T12:59:03Z,LND,LND,CC,"City of London","City of London Corporation",1905-06-28,
354,354,2016-10-21T16:11:20Z,WOT,WOT,NMD,Worthing,"Worthing Borough Council",1905-06-25,
353,353,2016-10-21T16:11:20Z,MSS,MSS,NMD,"Mid Sussex","Mid Sussex District Council",1974-04-01,
352,352,2016-10-21T16:11:20Z,HOR,HOR,NMD,Horsham,"Horsham District Council",1974-04-01,
351,351,2016-10-21T16:11:20Z,CRW,CRW,NMD,Crawley,"Crawley Borough Council",1974-04-01,
350,350,2016-10-21T16:11:20Z,CHI,CHI,NMD,Chichester,"Chichester District Council",1974-04-01,
349,349,2016-10-21T16:11:20Z,ARU,ARU,NMD,Arun,"Arun District Council",,
348,348,2016-10-21T16:11:20Z,ADU,ADU,NMD,Adur,"Adur District Council",,
347,347,2016-10-21T16:11:20Z,WSX,WSX,CTY,"West Sussex","West Sussex County Council",,
346,346,2016-10-21T16:11:20Z,WYE,WYE,NMD,"Wyre Forest","Wyre Forest District Council",,
345,345,2016-10-21T16:11:20Z,WYC,WYC,NMD,Wychavon,"Wychavon District Council",,
344,344,2016-10-21T16:11:20Z,WOC,WOC,NMD,Worcester,"Worcester City Council",,
343,343,2016-10-21T16:11:20Z,RED,RED,NMD,Redditch,"Redditch Borough Council",,
342,342,2016-10-21T16:11:20Z,MAV,MAV,NMD,"Malvern Hills","Malvern Hills District Council",,
341,341,2016-10-21T16:11:20Z,BRM,BRM,NMD,Bromsgrove,"Bromsgrove District Council",,
340,340,2016-10-21T16:11:20Z,WOR,WOR,CTY,Worcestershire,"Worcestershire County Council",,
339,339,2016-10-21T16:11:20Z,WAW,WAW,NMD,Warwick,"Warwick District Council",,
338,338,2016-10-21T16:11:20Z,STR,STR,NMD,Stratford-on-Avon,"Stratford-on-Avon District Council",,
337,337,2016-10-21T16:11:20Z,RUG,RUG,NMD,Rugby,"Rugby Borough Council",,
336,336,2016-10-21T16:11:20Z,NUN,NUN,NMD,"Nuneaton and Bedworth","Nuneaton and Bedworth Borough Council",,
335,335,2016-10-21T16:11:20Z,NWA,NWA,NMD,"North Warwickshire","North Warwickshire Borough Council",,
334,334,2016-10-21T16:11:20Z,WAR,WAR,CTY,Warwickshire,"Warwickshire County Council",,
333,333,2016-10-21T16:11:20Z,TAW,TAW,NMD,Tamworth,"Tamworth Borough Council",,
332,332,2016-10-21T16:11:20Z,STF,STF,NMD,"Staffordshire Moorlands","Staffordshire Moorlands District Council",,
331,331,2016-10-21T16:11:20Z,STA,STA,NMD,Stafford,"Stafford Borough Council",,
330,330,2016-10-21T16:11:20Z,SST,SST,NMD,"South Staffordshire","South Staffordshire Council",,
329,329,2016-10-21T16:11:20Z,NEC,NEC,NMD,Newcastle-under-Lyme,"Newcastle-under-Lyme Borough Council",,
328,328,2016-10-21T16:11:20Z,LIF,LIF,NMD,Lichfield,"Lichfield District Council",,
327,327,2016-10-21T16:11:20Z,EST,EST,NMD,"East Staffordshire","East Staffordshire Borough Council",,
326,326,2016-10-21T16:11:20Z,CAN,CAN,NMD,"Cannock Chase","Cannock Chase District Council",,
325,325,2016-10-21T16:11:20Z,STS,STS,CTY,Staffordshire,"Staffordshire County Council",,
324,324,2016-10-21T16:11:20Z,WOI,WOI,NMD,Woking,"Woking Borough Council",,
323,323,2016-10-21T16:11:20Z,WAE,WAE,NMD,Waverley,"Waverley Borough Council",,
322,322,2016-10-21T16:11:20Z,TAN,TAN,NMD,Tandridge,"Tandridge District Council",,
321,321,2016-10-21T16:11:20Z,SUR,SUR,NMD,"Surrey Heath","Surrey Heath Borough Council",,
320,320,2016-10-21T16:11:20Z,SPE,SPE,NMD,Spelthorne,"Spelthorne Borough Council",,
319,319,2016-10-21T16:11:20Z,RUN,RUN,NMD,Runnymede,"Runnymede Borough Council",,
318,318,2016-10-21T16:11:20Z,REI,REI,NMD,"Reigate and Banstead","Reigate and Banstead Borough Council",,
317,317,2016-10-21T16:11:20Z,MOL,MOL,NMD,"Mole Valley","Mole Valley District Council",,
316,316,2016-10-21T16:11:20Z,GRT,GRT,NMD,Guildford,"Guildford Borough Council",,
315,315,2016-10-21T16:11:20Z,EPS,EPS,NMD,"Epsom and Ewell","Epsom and Ewell Borough Council",,
314,314,2016-10-21T16:11:20Z,ELM,ELM,NMD,Elmbridge,"Elmbridge Borough Council",,
313,313,2016-10-21T16:11:20Z,SRY,SRY,CTY,Surrey,"Surrey County Council",,
310,310,2016-10-21T16:11:20Z,SSO,SSO,NMD,"South Somerset","South Somerset District Council",,
309,309,2016-10-21T16:11:20Z,SEG,SEG,NMD,Sedgemoor,"Sedgemoor District Council",,
308,308,2016-10-21T16:11:20Z,MEN,MEN,NMD,Mendip,"Mendip District Council",,
307,307,2016-10-21T16:11:20Z,SOM,SOM,CTY,Somerset,"Somerset County Council",,
303,303,2016-10-21T16:11:20Z,MSU,MSU,NMD,"Mid Suffolk","Mid Suffolk District Council",,
302,302,2016-10-21T16:11:20Z,IPS,IPS,NMD,Ipswich,"Ipswich Borough Council",,
300,300,2016-10-21T16:11:20Z,BAB,BAB,NMD,Babergh,"Babergh District Council",,
299,299,2016-10-21T16:11:20Z,SFK,SFK,CTY,Suffolk,"Suffolk County Council",,
298,298,2016-10-21T16:11:20Z,WOX,WOX,NMD,"West Oxfordshire","West Oxfordshire District Council",,
297,297,2016-10-21T16:11:20Z,VAL,VAL,NMD,"Vale of White Horse","Vale of White Horse District Council",,
296,296,2016-10-21T16:11:20Z,SOX,SOX,NMD,"South Oxfordshire","South Oxfordshire District Council",,
295,295,2016-10-21T16:11:20Z,OXO,OXO,NMD,Oxford,"Oxford City Council",,
294,294,2016-10-21T16:11:20Z,CHR,CHR,NMD,Cherwell,"Cherwell District Council",,
293,293,2016-10-21T16:11:20Z,OXF,OXF,CTY,Oxfordshire,"Oxfordshire County Council",,
292,292,2016-10-21T16:11:20Z,SEL,SEL,NMD,Selby,"Selby District Council",,
291,291,2016-10-21T16:11:20Z,SCE,SCE,NMD,Scarborough,"Scarborough Borough Council",,
290,290,2016-10-21T16:11:20Z,RYE,RYE,NMD,Ryedale,"Ryedale District Council",,
289,289,2016-10-21T16:11:20Z,RIH,RIH,NMD,Richmondshire,"Richmondshire District Council",,
288,288,2016-10-21T16:11:20Z,HAG,HAG,NMD,Harrogate,"Harrogate Borough Council",,
287,287,2016-10-21T16:11:20Z,HAE,HAE,NMD,Hambleton,"Hambleton District Council",,
286,286,2016-10-21T16:11:20Z,CRA,CRA,NMD,Craven,"Craven District Council",,
285,285,2016-10-21T16:11:20Z,NYK,NYK,CTY,"North Yorkshire","North Yorkshire County Council",,
284,284,2016-10-21T16:11:20Z,RUS,RUS,NMD,Rushcliffe,"Rushcliffe Borough Council",,
283,283,2016-10-21T16:11:20Z,NEA,NEA,NMD,"Newark and Sherwood","Newark and Sherwood District Council",,
282,282,2016-10-21T16:11:20Z,MAS,MAS,NMD,Mansfield,"Mansfield District Council",,
281,281,2016-10-21T16:11:20Z,GED,GED,NMD,Gedling,"Gedling Borough Council",,
280,280,2016-10-21T16:11:20Z,BRT,BRT,NMD,Broxtowe,"Broxtowe Borough Council",,
279,279,2016-10-21T16:11:20Z,BAE,BAE,NMD,Bassetlaw,"Bassetlaw District Council",,
278,278,2016-10-21T16:11:20Z,ASH,ASH,NMD,Ashfield,"Ashfield District Council",,
277,277,2016-10-21T16:11:20Z,NTT,NTT,CTY,Nottinghamshire,"Nottinghamshire County Council",,
276,276,2016-10-21T16:11:20Z,WEL,WEL,NMD,Wellingborough,"Wellingborough Borough Council",,
275,275,2016-10-21T16:11:20Z,SNR,SNR,NMD,"South Northamptonshire","South Northamptonshire Council",,
274,274,2016-10-21T16:11:20Z,NOR,NOR,NMD,Northampton,"Northampton Borough Council",,
273,273,2016-10-21T16:11:20Z,KET,KET,NMD,Kettering,"Kettering Borough Council",,
272,272,2016-10-21T16:11:20Z,ENO,ENO,NMD,"East Northamptonshire","East Northamptonshire Council",,
271,271,2016-10-21T16:11:20Z,DAV,DAV,NMD,Daventry,"Daventry District Council",,
270,270,2016-10-21T16:11:20Z,COR,COR,NMD,Corby,"Corby Borough Council",,
269,269,2016-10-21T16:11:20Z,NTH,NTH,CTY,Northamptonshire,"Northamptonshire County Council",,
268,268,2016-10-21T16:11:20Z,SNO,SNO,NMD,"South Norfolk","South Norfolk District Council",,
267,267,2016-10-21T16:11:20Z,NOW,NOW,NMD,Norwich,"Norwich City Council",,
266,266,2016-10-21T16:11:20Z,NNO,NNO,NMD,"North Norfolk","North Norfolk District Council",,
264,264,2016-10-21T16:11:20Z,GRY,GRY,NMD,"Great Yarmouth","Great Yarmouth Borough Council",,
263,263,2016-10-21T16:11:20Z,BRO,BRO,NMD,Broadland,"Broadland District Council",,
262,262,2016-10-21T16:11:20Z,BRE,BRE,NMD,Breckland,"Breckland District Council",,
261,261,2016-10-21T16:11:20Z,NFK,NFK,CTY,Norfolk,"Norfolk County Council",,
260,260,2016-10-21T16:11:20Z,WLI,WLI,NMD,"West Lindsey","West Lindsey District Council",,
259,259,2016-10-21T16:11:20Z,SKE,SKE,NMD,"South Kesteven","South Kesteven District Council",,
258,258,2016-10-21T16:11:20Z,SHO,SHO,NMD,"South Holland","South Holland District Council",,
257,257,2016-10-21T16:11:20Z,NKE,NKE,NMD,"North Kesteven","North Kesteven District Council",,
256,256,2016-10-21T16:11:20Z,LIC,LIC,NMD,"City of Lincoln","City of Lincoln Council",,
255,255,2016-10-21T16:11:20Z,ELI,ELI,NMD,"East Lindsey","East Lindsey District Council",,
254,254,2016-10-21T16:11:20Z,BOT,BOT,NMD,Boston,"Boston Borough Council",,
253,253,2016-10-21T16:11:20Z,LIN,LIN,CTY,Lincolnshire,"Lincolnshire County Council",,
252,252,2016-10-21T16:11:20Z,OAD,OAD,NMD,"Oadby and Wigston","Oadby and Wigston Borough Council",,
251,251,2016-10-21T16:11:20Z,NWL,NWL,NMD,"North West Leicestershire","North West Leicestershire District Council",,
250,250,2016-10-21T16:11:20Z,MEL,MEL,NMD,Melton,"Melton Borough Council",,
249,249,2016-10-21T16:11:20Z,HIN,HIN,NMD,"Hinckley and Bosworth","Hinckley and Bosworth Borough Council",,
248,248,2016-10-21T16:11:20Z,HAO,HAO,NMD,Harborough,"Harborough District Council",,
247,247,2016-10-21T16:11:20Z,CHA,CHA,NMD,Charnwood,"Charnwood Borough Council",,
246,246,2016-10-21T16:11:20Z,BLA,BLA,NMD,Blaby,"Blaby District Council",,
245,245,2016-10-21T16:11:20Z,LEC,LEC,CTY,Leicestershire,"Leicestershire County Council",,
244,244,2016-10-21T16:11:20Z,WYR,WYR,NMD,Wyre,"Wyre Borough Council",,
243,243,2016-10-21T16:11:20Z,WLA,WLA,NMD,"West Lancashire","West Lancashire Borough Council",,
242,242,2016-10-21T16:11:20Z,SRI,SRI,NMD,"South Ribble","South Ribble Borough Council",,
241,241,2016-10-21T16:11:20Z,ROS,ROS,NMD,Rossendale,"Rossendale Borough Council",,
240,240,2016-10-21T16:11:20Z,RIB,RIB,NMD,"Ribble Valley","Ribble Valley Borough Council",,
239,239,2016-10-21T16:11:20Z,PRE,PRE,NMD,Preston,"Preston City Council",,
238,238,2016-10-21T16:11:20Z,PEN,PEN,NMD,Pendle,"Pendle Borough Council",,
237,237,2016-10-21T16:11:20Z,LAC,LAC,NMD,Lancaster,"Lancaster City Council",,
236,236,2016-10-21T16:11:20Z,HYN,HYN,NMD,Hyndburn,"Hyndburn Borough Council",,
235,235,2016-10-21T16:11:20Z,FYL,FYL,NMD,Fylde,"Fylde Borough Council",,
234,234,2016-10-21T16:11:20Z,CHO,CHO,NMD,Chorley,"Chorley Borough Council",,
233,233,2016-10-21T16:11:20Z,BUN,BUN,NMD,Burnley,"Burnley Borough Council",,
232,232,2016-10-21T16:11:20Z,LAN,LAN,CTY,Lancashire,"Lancashire County Council",,
231,231,2016-10-21T16:11:20Z,TUN,TUN,NMD,"Tunbridge Wells","Tunbridge Wells Borough Council",,
230,230,2016-10-21T16:11:20Z,TON,TON,NMD,"Tonbridge and Malling","Tonbridge and Malling Borough Council",,
229,229,2016-10-21T16:11:20Z,THA,THA,NMD,Thanet,"Thanet District Council",,
228,228,2016-10-21T16:11:20Z,SWL,SWL,NMD,Swale,"Swale Borough Council",,
226,226,2016-10-21T16:11:20Z,SEV,SEV,NMD,Sevenoaks,"Sevenoaks District Council",,
225,225,2016-10-21T16:11:20Z,MAI,MAI,NMD,Maidstone,"Maidstone Borough Council",,
224,224,2016-10-21T16:11:20Z,GRA,GRA,NMD,Gravesham,"Gravesham Borough Council",,
223,223,2016-10-21T16:11:20Z,DOV,DOV,NMD,Dover,"Dover District Council",,
222,222,2016-10-21T16:11:20Z,DAR,DAR,NMD,Dartford,"Dartford Borough Council",,
221,221,2016-10-21T16:11:20Z,CAT,CAT,NMD,Canterbury,"Canterbury City Council",,
220,220,2016-10-21T16:11:20Z,ASF,ASF,NMD,Ashford,"Ashford Borough Council",,
219,219,2016-10-21T16:11:20Z,KEN,KEN,CTY,Kent,"Kent County Council",,
218,218,2016-10-21T16:11:20Z,WEW,WEW,NMD,"Welwyn Hatfield","Welwyn Hatfield Borough Council",,
217,217,2016-10-21T16:11:20Z,WAT,WAT,NMD,Watford,"Watford Borough Council",,
216,216,2016-10-21T16:11:20Z,THE,THE,NMD,"Three Rivers","Three Rivers District Council",,
215,215,2016-10-21T16:11:20Z,STV,STV,NMD,Stevenage,"Stevenage Borough Council",,
214,214,2016-10-21T16:11:20Z,SAL,SAL,NMD,"St Albans","St Albans City and District Council",,
213,213,2016-10-21T16:11:20Z,NHE,NHE,NMD,"North Hertfordshire","North Hertfordshire District Council",,
212,212,2016-10-21T16:11:20Z,HER,HER,NMD,Hertsmere,"Hertsmere Borough Council",,
211,211,2016-10-21T16:11:20Z,EHE,EHE,NMD,"East Hertfordshire","East Hertfordshire District Council",,
210,210,2016-10-21T16:11:20Z,DAC,DAC,NMD,Dacorum,"Dacorum Borough Council",,
209,209,2016-10-21T16:11:20Z,BRX,BRX,NMD,Broxbourne,"Broxbourne Borough Council",,
208,208,2016-10-21T16:11:20Z,HRT,HRT,CTY,Hertfordshire,"Hertfordshire County Council",,
207,207,2016-10-21T16:11:20Z,WIN,WIN,NMD,Winchester,"Winchester City Council",,
206,206,2016-10-21T16:11:20Z,TES,TES,NMD,"Test Valley","Test Valley Borough Council",,
205,205,2016-10-21T16:11:20Z,RUH,RUH,NMD,Rushmoor,"Rushmoor Borough Council",,
204,204,2016-10-21T16:11:20Z,NEW,NEW,NMD,"New Forest","New Forest District Council",,
203,203,2016-10-21T16:11:20Z,HAA,HAA,NMD,Havant,"Havant Borough Council",,
202,202,2016-10-21T16:11:20Z,HAT,HAT,NMD,Hart,"Hart District Council",,
201,201,2016-10-21T16:11:20Z,GOS,GOS,NMD,Gosport,"Gosport Borough Council",,
200,200,2016-10-21T16:11:20Z,FAR,FAR,NMD,Fareham,"Fareham Borough Council",,
199,199,2016-10-21T16:11:20Z,EAT,EAT,NMD,Eastleigh,"Eastleigh Borough Council",,
198,198,2016-10-21T16:11:20Z,EHA,EHA,NMD,"East Hampshire","East Hampshire District Council",,
197,197,2016-10-21T16:11:20Z,BAN,BAN,NMD,"Basingstoke and Deane","Basingstoke and Deane Borough Council",,
196,196,2016-10-21T16:11:20Z,HAM,HAM,CTY,Hampshire,"Hampshire County Council",,
195,195,2016-10-21T16:11:20Z,TEW,TEW,NMD,Tewkesbury,"Tewkesbury Borough Council",,
194,194,2016-10-21T16:11:20Z,STO,STO,NMD,Stroud,"Stroud District Council",,
193,193,2016-10-21T16:11:20Z,GLO,GLO,NMD,Gloucester,"Gloucester City Council",,
192,192,2016-10-21T16:11:20Z,FOE,FOE,NMD,"Forest of Dean","Forest of Dean District Council",,
191,191,2016-10-21T16:11:20Z,COT,COT,NMD,Cotswold,"Cotswold District Council",,
190,190,2016-10-21T16:11:20Z,CHT,CHT,NMD,Cheltenham,"Cheltenham Borough Council",,
189,189,2016-10-21T16:11:20Z,GLS,GLS,CTY,Gloucestershire,"Gloucestershire County Council",,
188,188,2016-10-21T16:11:20Z,WSM,WSM,LBO,Westminster,"City of Westminster",,
187,187,2016-10-21T16:11:20Z,WND,WND,LBO,Wandsworth,"London Borough of Wandsworth",,
186,186,2016-10-21T16:11:20Z,WFT,WFT,LBO,"Waltham Forest","London Borough of Waltham Forest",,
185,185,2016-10-21T16:11:20Z,TWH,TWH,LBO,"Tower Hamlets","London Borough of Tower Hamlets",,
184,184,2016-10-21T16:11:20Z,SWK,SWK,LBO,Southwark,"London Borough of Southwark",,
183,183,2016-10-21T16:11:20Z,STN,STN,LBO,Sutton,"London Borough of Sutton",,
182,182,2016-10-21T16:11:20Z,RIC,RIC,LBO,"Richmond upon Thames","London Borough of Richmond upon Thames",,
181,181,2016-10-21T16:11:20Z,RDB,RDB,LBO,Redbridge,"London Borough of Redbridge",,
180,180,2016-10-21T16:11:20Z,NWM,NWM,LBO,Newham,"London Borough of Newham",,
179,179,2016-10-21T16:11:20Z,MRT,MRT,LBO,Merton,"London Borough of Merton",,
178,178,2016-10-21T16:11:20Z,LEW,LEW,LBO,Lewisham,"London Borough of Lewisham",,
177,177,2016-10-21T16:11:20Z,LBH,LBH,LBO,Lambeth,"London Borough of Lambeth",,
176,176,2016-10-21T16:11:20Z,KTT,KTT,LBO,"Kingston upon Thames","Royal Borough of Kingston upon Thames",,
175,175,2016-10-21T16:11:20Z,KEC,KEC,LBO,"Kensington and Chelsea","Royal Borough of Kensington and Chelsea",,
174,174,2016-10-21T16:11:20Z,ISL,ISL,LBO,Islington,"London Borough of Islington",,
173,173,2016-10-21T16:11:20Z,HRY,HRY,LBO,Haringey,"London Borough of Haringey",,
172,172,2016-10-21T16:11:20Z,HRW,HRW,LBO,Harrow,"London Borough of Harrow",,
171,171,2016-10-21T16:11:20Z,HNS,HNS,LBO,Hounslow,"London Borough of Hounslow",,
170,170,2016-10-21T16:11:20Z,HMF,HMF,LBO,"Hammersmith and Fulham","London Borough of Hammersmith & Fulham",,
169,169,2016-10-21T16:11:20Z,HIL,HIL,LBO,Hillingdon,"London Borough of Hillingdon",,
168,168,2016-10-21T16:11:20Z,HCK,HCK,LBO,Hackney,"London Borough of Hackney",,
167,167,2016-10-21T16:11:20Z,HAV,HAV,LBO,Havering,"London Borough of Havering",,
166,166,2016-10-21T16:11:20Z,GRE,GRE,LBO,Greenwich,"Royal Borough of Greenwich",,
165,165,2016-10-21T16:11:20Z,ENF,ENF,LBO,Enfield,"London Borough of Enfield",,
164,164,2016-10-21T16:11:20Z,EAL,EAL,LBO,Ealing,"London Borough of Ealing",,
163,163,2016-10-21T16:11:20Z,CRY,CRY,LBO,Croydon,"London Borough of Croydon",,
162,162,2016-10-21T16:11:20Z,CMD,CMD,LBO,Camden,"London Borough of Camden",,
161,161,2016-10-21T16:11:20Z,BRY,BRY,LBO,Bromley,"London Borough of Bromley",,
160,160,2016-10-21T16:11:20Z,BNE,BNE,LBO,Barnet,"London Borough of Barnet",,
159,159,2016-10-21T16:11:20Z,BEX,BEX,LBO,Bexley,"London Borough of Bexley",,
158,158,2016-10-21T16:11:20Z,BEN,BEN,LBO,Brent,"London Borough of Brent",,
157,157,2016-10-21T16:11:20Z,BDG,BDG,LBO,"Barking and Dagenham","London Borough of Barking and Dagenham",,
156,156,2016-10-21T16:11:20Z,WEA,WEA,NMD,Wealden,"Wealden District Council",,
155,155,2016-10-21T16:11:20Z,ROH,ROH,NMD,Rother,"Rother District Council",,
154,154,2016-10-21T16:11:20Z,LEE,LEE,NMD,Lewes,"Lewes District Council",,
153,153,2016-10-21T16:11:20Z,HAS,HAS,NMD,Hastings,"Hastings Borough Council",,
152,152,2016-10-21T16:11:20Z,EAS,EAS,NMD,Eastbourne,"Eastbourne Borough Council",,
151,151,2016-10-21T16:11:20Z,ESX,ESX,CTY,"East Sussex","East Sussex County Council",,
150,150,2016-10-21T16:11:20Z,UTT,UTT,NMD,Uttlesford,"Uttlesford District Council",,
149,149,2016-10-21T16:11:20Z,TEN,TEN,NMD,Tendring,"Tendring District Council",,
148,148,2016-10-21T16:11:20Z,ROC,ROC,NMD,Rochford,"Rochford District Council",,
147,147,2016-10-21T16:11:20Z,MAL,MAL,NMD,Maldon,"Maldon District Council",,
146,146,2016-10-21T16:11:20Z,HAR,HAR,NMD,Harlow,"Harlow District Council",,
145,145,2016-10-21T16:11:20Z,EPP,EPP,NMD,"Epping Forest","Epping Forest District Council",,
144,144,2016-10-21T16:11:20Z,COL,COL,NMD,Colchester,"Colchester Borough Council",,
143,143,2016-10-21T16:11:20Z,CHL,CHL,NMD,Chelmsford,"Chelmsford City Council",,
142,142,2016-10-21T16:11:20Z,CAS,CAS,NMD,"Castle Point","Castle Point Borough Council",,
141,141,2016-10-21T16:11:20Z,BRW,BRW,NMD,Brentwood,"Brentwood Borough Council",,
140,140,2016-10-21T16:11:20Z,BRA,BRA,NMD,Braintree,"Braintree District Council",,
139,139,2016-10-21T16:11:20Z,BAI,BAI,NMD,Basildon,"Basildon Borough Council",,
138,138,2016-10-21T16:11:20Z,ESS,ESS,CTY,Essex,"Essex County Council",,
130,130,2016-10-21T16:11:20Z,WDE,WDE,NMD,"West Devon","West Devon Borough Council",,
129,129,2016-10-21T16:11:20Z,TOR,TOR,NMD,Torridge,"Torridge District Council",,
128,128,2016-10-21T16:11:20Z,TEI,TEI,NMD,Teignbridge,"Teignbridge District Council",,
127,127,2016-10-21T16:11:20Z,SHA,SHA,NMD,"South Hams","South Hams District Council",,
126,126,2016-10-21T16:11:20Z,NDE,NDE,NMD,"North Devon","North Devon District Council",,
125,125,2016-10-21T16:11:20Z,MDE,MDE,NMD,"Mid Devon","Mid Devon District Council",,
124,124,2016-10-21T16:11:20Z,EXE,EXE,NMD,Exeter,"Exeter City Council",,
123,123,2016-10-21T16:11:20Z,EDE,EDE,NMD,"East Devon","East Devon District Council",,
122,122,2016-10-21T16:11:20Z,DEV,DEV,CTY,Devon,"Devon County Council",,
121,121,2016-10-21T16:11:20Z,SDE,SDE,NMD,"South Derbyshire","South Derbyshire District Council",,
120,120,2016-10-21T16:11:20Z,NED,NED,NMD,"North East Derbyshire","North East Derbyshire District Council",,
119,119,2016-10-21T16:11:20Z,HIG,HIG,NMD,"High Peak","High Peak Borough Council",,
118,118,2016-10-21T16:11:20Z,ERE,ERE,NMD,Erewash,"Erewash Borough Council",,
117,117,2016-10-21T16:11:20Z,DEB,DEB,NMD,"Derbyshire Dales","Derbyshire Dales District Council",,
116,116,2016-10-21T16:11:20Z,CHS,CHS,NMD,Chesterfield,"Chesterfield Borough Council",,
115,115,2016-10-21T16:11:20Z,BOS,BOS,NMD,Bolsover,"Bolsover District Council",,
114,114,2016-10-21T16:11:20Z,AMB,AMB,NMD,"Amber Valley","Amber Valley Borough Council",,
113,113,2016-10-21T16:11:20Z,DBY,DBY,CTY,Derbyshire,"Derbyshire County Council",,
112,112,2016-10-21T16:11:20Z,DER,DER,UA,Derby,"Derby City Council",,
111,111,2016-10-21T16:11:20Z,SLA,SLA,NMD,"South Lakeland","South Lakeland District Council",,
110,110,2016-10-21T16:11:20Z,EDN,EDN,NMD,Eden,"Eden District Council",,
109,109,2016-10-21T16:11:20Z,COP,COP,NMD,Copeland,"Copeland Borough Council",,
108,108,2016-10-21T16:11:20Z,CAR,CAR,NMD,Carlisle,"Carlisle City Council",,
107,107,2016-10-21T16:11:20Z,BAR,BAR,NMD,Barrow-in-Furness,"Barrow-in-Furness Borough Council",,
106,106,2016-10-21T16:11:20Z,ALL,ALL,NMD,Allerdale,"Allerdale Borough Council",,
105,105,2016-10-21T16:11:20Z,CMA,CMA,CTY,Cumbria,"Cumbria County Council",,
104,104,2016-10-21T16:11:20Z,SCA,SCA,NMD,"South Cambridgeshire","South Cambridgeshire District Council",,
103,103,2016-10-21T16:11:20Z,HUN,HUN,NMD,Huntingdonshire,"Huntingdonshire District Council",,
102,102,2016-10-21T16:11:20Z,FEN,FEN,NMD,Fenland,"Fenland District Council",,
101,101,2016-10-21T16:11:20Z,ECA,ECA,NMD,"East Cambridgeshire","East Cambridgeshire District Council",,
100,100,2016-10-21T16:11:20Z,CAB,CAB,NMD,Cambridge,"Cambridge City Council",,
99,99,2016-10-21T16:11:20Z,CAM,CAM,CTY,Cambridgeshire,"Cambridgeshire County Council",,
93,93,2016-10-21T16:11:20Z,YOR,YOR,UA,York,"City of York Council",1905-06-18,
92,92,2016-10-21T16:11:20Z,WRT,WRT,UA,Warrington,"Warrington Borough Council",1905-06-20,
91,91,2016-10-21T16:11:20Z,WRL,WRL,MD,Wirral,"Wirral Borough Council",1974-04-01,
90,90,2016-10-21T16:11:20Z,WOK,WOK,UA,Wokingham,"Wokingham Borough Council",1905-06-20,
89,89,2016-10-21T16:11:20Z,WNM,WNM,UA,"Windsor and Maidenhead","Royal Borough of Windsor and Maidenhead",1905-06-20,
88,88,2016-10-21T16:11:20Z,WLV,WLV,MD,Wolverhampton,"City of Wolverhampton Council",1974-04-01,
87,87,2016-10-21T16:11:20Z,WLL,WLL,MD,Walsall,"Walsall Metropolitan Borough Council",1974-04-01,
86,86,2016-10-21T16:11:20Z,WKF,WKF,MD,Wakefield,"Wakefield Metropolitan District Council",1974-04-01,
85,85,2016-10-21T16:11:20Z,WIL,WIL,UA,Wiltshire,"Wiltshire Council",2009-04-01,
84,84,2016-10-21T16:11:20Z,WGN,WGN,MD,Wigan,"Wigan Metropolitan Borough Council",1974-04-01,
83,83,2016-10-21T16:11:20Z,WBK,WBK,UA,"West Berkshire","West Berkshire Council",1905-06-20,
82,82,2016-10-21T16:11:20Z,TRF,TRF,MD,Trafford,"Trafford Metropolitan Borough Council",1974-04-01,
81,81,2016-10-21T16:11:20Z,TOB,TOB,UA,Torbay,"Torbay Council",1905-06-20,
80,80,2016-10-21T16:11:20Z,THR,THR,UA,Thurrock,"Thurrock Council",1905-06-20,
79,79,2016-10-21T16:11:20Z,TFW,TFW,UA,"Telford and Wrekin","Telford & Wrekin Council",1905-06-20,
78,78,2016-10-21T16:11:20Z,TAM,TAM,MD,Tameside,"Tameside Metropolitan Borough Council",1974-04-01,
77,77,2016-10-21T16:11:20Z,SWD,SWD,UA,Swindon,"Swindon Borough Council",1905-06-20,
76,76,2016-10-21T16:11:20Z,STY,STY,MD,"South Tyneside","South Tyneside Council",1974-04-01,
75,75,2016-10-21T16:11:20Z,STT,STT,UA,Stockton-on-Tees,"Stockton-on-Tees Borough Council",1905-06-18,
74,74,2016-10-21T16:11:20Z,STH,STH,UA,Southampton,"Southampton City Council",1905-06-19,
73,73,2016-10-21T16:11:20Z,STE,STE,UA,Stoke-on-Trent,"Stoke-on-Trent City Council",1905-06-20,
72,72,2016-10-21T16:11:20Z,SOS,SOS,UA,Southend-on-Sea,"Southend-on-Sea Borough Council",1905-06-20,
71,71,2016-10-21T16:11:20Z,SOL,SOL,MD,Solihull,"Solihull Metropolitan Borough Council",1905-05-27,
70,70,2016-10-21T16:11:20Z,SND,SND,MD,Sunderland,"Sunderland City Council",1905-05-27,
69,69,2016-10-21T16:11:20Z,SLG,SLG,UA,Slough,"Slough Borough Council",1998-04-01,
68,68,2016-10-21T16:11:20Z,SLF,SLF,MD,Salford,"Salford City Council",1905-05-27,
67,67,2016-10-21T16:11:20Z,SKP,SKP,MD,Stockport,"Stockport Metropolitan Borough Council",1905-05-27,
66,66,2016-10-21T16:11:20Z,SHR,SHR,UA,Shropshire,"Shropshire Council",2009-04-01,
65,65,2016-10-21T16:11:20Z,SHN,SHN,MD,"St. Helens","St Helens Council",1905-06-08,
64,64,2016-10-21T16:11:20Z,SHF,SHF,MD,Sheffield,"Sheffield City Council",1905-06-08,
63,63,2016-10-21T16:11:20Z,SGC,SGC,UA,"South Gloucestershire","South Gloucestershire Council",1905-06-18,
62,62,2016-10-21T16:11:20Z,SFT,SFT,MD,Sefton,"Sefton Metropolitan Borough Council",1905-06-08,
61,61,2016-10-21T16:11:20Z,SAW,SAW,MD,Sandwell,"Sandwell Metropolitan Borough Council",1905-06-07,
60,60,2016-10-21T16:11:20Z,RUT,RUT,UA,Rutland,"Rutland County Council",1997-04-01,
59,59,2016-10-21T16:11:20Z,ROT,ROT,MD,Rotherham,"Rotherham Metropolitan Borough Council",1905-05-27,
58,58,2016-10-21T16:11:20Z,RDG,RDG,UA,Reading,"Reading Borough Council",1905-05-27,
57,57,2016-10-21T16:11:20Z,RCH,RCH,MD,Rochdale,"Rochdale Metropolitan Borough Council",1905-05-27,
56,56,2016-10-21T16:11:20Z,RCC,RCC,UA,"Redcar and Cleveland","Redcar and Cleveland Borough Council",1996-04-01,
55,55,2016-10-21T16:11:20Z,PTE,PTE,UA,Peterborough,"Peterborough City Council",1905-06-20,
54,54,2016-10-21T16:11:20Z,POR,POR,UA,Portsmouth,"Portsmouth City Council",1905-06-20,
52,52,2016-10-21T16:11:20Z,PLY,PLY,UA,Plymouth,"Plymouth City Council",1998-04-01,
51,51,2016-10-21T16:11:20Z,OLD,OLD,MD,Oldham,"Oldham Metropolitan Borough Council",1905-06-07,
50,50,2016-10-21T16:11:20Z,NTY,NTY,MD,"North Tyneside","North Tyneside Council",1974-04-01,
49,49,2016-10-21T16:11:20Z,NSM,NSM,UA,"North Somerset","North Somerset  Council",1996-04-01,
48,48,2016-10-21T16:11:20Z,NLN,NLN,UA,"North Lincolnshire","North Lincolnshire Council",1996-04-01,
47,47,2016-10-21T16:11:20Z,NGM,NGM,UA,Nottingham,"Nottingham City Council",1905-06-20,
46,46,2016-10-21T16:11:20Z,NET,NET,MD,"Newcastle upon Tyne","Newcastle City Council",1974-04-01,
45,45,2016-10-21T16:11:20Z,NEL,NEL,UA,"North East Lincolnshire","North East Lincolnshire Council",1996-04-01,
44,44,2016-10-21T16:11:20Z,NBL,NBL,UA,Northumberland,"Northumberland County Council",2009-04-01,
43,43,2016-10-21T16:11:20Z,MIK,MIK,UA,"Milton Keynes","Milton Keynes Council",1905-06-19,
42,42,2016-10-21T16:11:20Z,MDW,MDW,UA,Medway,"Medway Council",1998-04-01,
41,41,2016-10-21T16:11:20Z,MDB,MDB,UA,Middlesbrough,"Middlesbrough Borough Council",1905-06-18,
40,40,2016-10-21T16:11:20Z,MAN,MAN,MD,Manchester,"Manchester City Council",1974-04-01,
39,39,2016-10-21T16:11:20Z,LUT,LUT,UA,Luton,"Luton Borough Council",1905-06-19,
37,37,2016-10-21T16:11:20Z,LIV,LIV,MD,Liverpool,"Liverpool City Council",1905-06-08,
36,36,2016-10-21T16:11:20Z,LDS,LDS,MD,Leeds,"Leeds City Council",1905-06-08,
35,35,2016-10-21T16:11:20Z,LCE,LCE,UA,Leicester,"Leicester City Council",1905-06-19,
34,34,2016-10-21T16:11:20Z,KWL,KWL,MD,Knowsley,"Knowsley Metropolitan Borough Council",1974-04-01,
33,33,2016-10-21T16:11:20Z,KIR,KIR,MD,Kirklees,"Kirklees Council",1974-04-01,
32,32,2016-10-21T16:11:20Z,KHL,KHL,UA,"Kingston upon Hull","Hull City Council",1996-04-01,
31,31,2016-10-21T16:11:20Z,IOW,IOW,UA,"Isle of Wight","Isle of Wight Council",1905-06-17,
30,30,2016-10-21T16:11:20Z,IOS,IOS,UA,"Isles of Scilly","Council of the Isles of Scilly",1974-04-01,
29,29,2016-10-21T16:11:20Z,HPL,HPL,UA,Hartlepool,"Hartlepool Borough Council",1905-06-18,
28,28,2016-10-21T16:11:20Z,HEF,HEF,UA,Herefordshire,"Herefordshire Council",1998-04-01,
27,27,2016-10-21T16:11:20Z,HAL,HAL,UA,Halton,"Halton Borough Council",1998-04-01,
25,25,2016-10-21T16:11:20Z,GAT,GAT,MD,Gateshead,"Gateshead Metropolitan Borough Council",1974-04-01,
24,24,2016-10-21T16:11:20Z,ERY,ERY,UA,"East Riding of Yorkshire","East Riding of Yorkshire Council",1996-04-01,
23,23,2016-10-21T16:11:20Z,DUR,DUR,UA,"County Durham","Durham County Council",2009-04-01,
22,22,2016-10-21T16:11:20Z,DUD,DUD,MD,Dudley,"Dudley Metropolitan Borough Council",1974-04-01,
21,21,2016-10-21T16:11:20Z,DNC,DNC,MD,Doncaster,"Doncaster Metropolitan Borough Council",1974-04-01,
20,20,2016-10-21T16:11:20Z,DAL,DAL,UA,Darlington,"Darlington Borough Council",1997-04-01,
19,19,2016-10-21T16:11:20Z,COV,COV,MD,Coventry,"Coventry City Council",1974-04-01,
18,18,2016-10-21T16:11:20Z,CON,CON,UA,Cornwall,"Cornwall Council",2009-04-01,
17,17,2016-10-21T16:11:20Z,CLD,CLD,MD,Calderdale,"Calderdale Metropolitan Borough Council",1974-04-01,
16,16,2016-10-21T16:11:20Z,CHW,CHW,UA,"Cheshire West and Chester","Cheshire West and Chester Council",2009-04-01,
15,15,2016-10-21T16:11:20Z,CHE,CHE,UA,"Cheshire East","Cheshire East Council",2009-04-01,
14,14,2016-10-21T16:11:20Z,CBF,CBF,UA,"Central Bedfordshire","Central Bedfordshire Council",2009-04-01,
13,13,2016-10-21T16:11:20Z,BUR,BUR,MD,Bury,"Bury Metropolitan Borough Council",1974-04-01,
12,12,2016-10-21T16:11:20Z,BST,BST,UA,"City of Bristol","Bristol City Council",1905-06-18,
11,11,2016-10-21T16:11:20Z,BRD,BRD,MD,Bradford,"City of Bradford Metropolitan District Council",1974-04-01,
10,10,2016-10-21T16:11:20Z,BRC,BRC,UA,"Bracknell Forest","Bracknell Forest Council",1998-04-01,
9,9,2016-10-21T16:11:20Z,BPL,BPL,UA,Blackpool,"Blackpool Borough Council",1905-06-20,
8,8,2016-10-21T16:11:20Z,BOL,BOL,MD,Bolton,"Bolton Metropolitan Borough Council",1974-04-01,
7,7,2016-10-21T16:11:20Z,BNS,BNS,MD,Barnsley,"Barnsley Metropolitan Borough Council",1974-04-01,
6,6,2016-10-21T16:11:20Z,BNH,BNH,UA,"Brighton and Hove","Brighton and Hove City Council",1905-06-19,
3,3,2016-10-21T16:11:20Z,BDF,BDF,UA,Bedford,"Bedford Borough Council",2009-04-01,
2,2,2016-10-21T16:11:20Z,BBD,BBD,UA,"Blackburn with Darwen","Blackburn with Darwen Borough Council",1998-04-01,
1,1,2016-10-21T16:11:20Z,BAS,BAS,UA,"Bath and North East Somerset","Bath and North East Somerset Council",1996-04-01,
