wikidata,legislature,name,website,statistical-geography,toid,start-date,end-date
Q72980889,Q21561306,Adur District Council,https://www.adur-worthing.gov.uk,,,,
Q72980920,Q21561306,Allerdale Borough Council,https://www.allerdale.gov.uk,,,,
Q72980961,Q21561306,Amber Valley Borough Council,https://www.ambervalley.gov.uk,,,,
Q72980967,Q21561306,Arun District Council,https://www.arun.gov.uk,,,,
Q73038329,Q21561306,Ashfield District Council,https://www.ashfield.gov.uk,,,,
Q55098926,Q21561306,Ashford Borough Council,https://www.ashford.gov.uk,,,,
Q65088717,Q21561306,Aylesbury Vale District Council,https://www.aylesburyvaledc.gov.uk,,,,
Q73039037,Q21561306,Babergh District Council,https://www.babergh.gov.uk,,,,
Q4861056,Q21561350,Barking and Dagenham London Borough Council,https://www.lbbd.gov.uk,,,,
Q4861611,Q21561350,Barnet London Borough Council,https://www.barnet.gov.uk,,,,
Q16950416,Q19414242,Barnsley Metropolitan Borough Council,https://www.barnsley.gov.uk,,,1974-04-01T00:00:00Z,
Q73072525,Q21561306,Barrow-in-Furness Borough Council,https://www.barrowbc.gov.uk,,,,
Q4867303,Q21561306,Basildon Borough Council,https://www.basildon.gov.uk,,,,
Q73072528,Q21561306,Basingstoke and Deane Borough Council,https://www.basingstoke.gov.uk,,,,
Q73045241,Q21561306,Bassetlaw District Council,https://www.bassetlaw.gov.uk,,,,
Q16966588,Q21561328,Bath and North East Somerset Council,https://www.bathnes.gov.uk,,,,
Q16239012,Q21561328,Bedford Borough Council,https://www.bedford.gov.uk,,,,
Q4879237,Q4321471,Bedfordshire County Council,,,,,
Q4899799,Q21561350,Bexley London Borough Council,https://www.bexley.gov.uk,,,,
Q4916650,Q19414242,Birmingham City Council,https://www.birmingham.gov.uk,E08000025,7000000000000018,,
Q4916714,Q5266682,Birmingham Heartlands Development Corporation,,,,1992-01-01T00:00:00Z,1998-04-03T00:00:00Z
Q73072529,Q21561306,Blaby District Council,https://www.blaby.gov.uk,,,,
Q16984481,Q21561328,Blackburn with Darwen Borough Council,https://www.blackburn.gov.uk,,,,
Q16984489,Q21561328,Blackpool Council,https://www.blackpool.gov.uk,,,,
Q73072533,Q21561306,Bolsover District Council,https://www.bolsover.gov.uk,,,,
Q16952682,Q19414242,Bolton Council,https://www.bolton.gov.uk,,,,
Q73072537,Q21561306,Borough Council of King's Lynn and West Norfolk,https://www.west-norfolk.gov.uk,,,,
Q73072538,Q21561306,Boston Borough Council,https://www.boston.gov.uk,,,,
Q1144019,Q21561328,Bournemouth Borough Council,,,,,
Q54818205,Q21561328,"Bournemouth, Christchurch and Poole Council",https://www.bcpcouncil.gov.uk,,,2019-04-01T00:00:00Z,
Q16985082,Q21561328,Bracknell Forest Council,https://www.bracknell-forest.gov.uk,,,,
Q16953331,Q19414242,Bradford City Council,https://www.bradford.gov.uk,,,,
Q73072540,Q21561306,Braintree District Council,https://www.braintree.gov.uk,,,,
Q73072542,Q21561306,Breckland District Council,https://www.breckland.gov.uk,,,,
Q27159830,Q3336962,Brecon Beacons National Park Authority,https://www.beacons-npa.gov.uk,,,1996-04-01T00:00:00Z,
Q56174428,Q3336962,Brecon Beacons National Park Committee,,,,1974-04-01T00:00:00Z,1996-04-01T00:00:00Z
Q4961461,Q21561350,Brent London Borough Council,https://www.brent.gov.uk,,,,
Q73072544,Q21561306,Brentwood Borough Council,https://www.brentwood.gov.uk,,,,
Q16953725,Q21561328,Brighton and Hove City Council,https://www.brighton-hove.gov.uk,,,,
Q16953796,Q21561328,Bristol City Council,https://www.bristol.gov.uk,,,1974-01-01T00:00:00Z,
Q73072548,Q21561306,Broadland District Council,https://www.broadland.gov.uk,,,,
Q4972284,Q3336962,Broads Authority,http://www.broads-authority.gov.uk/broads-authority,E26000007,,1978-01-01T00:00:00Z,
Q4973687,Q21561350,Bromley London Borough Council,https://www.bromley.gov.uk,,,,
Q73072550,Q21561306,Bromsgrove District Council,https://www.bromsgrove.gov.uk,,,,
Q4976877,Q21561306,Broxbourne Borough Council,https://www.broxbourne.gov.uk,,,,
Q73072553,Q21561306,Broxtowe Borough Council,https://www.broxtowe.gov.uk,,,,
Q4983255,Q4321471,Buckinghamshire County Council,https://www.buckscc.gov.uk,,,,
Q73072554,Q21561306,Burnley Borough Council,https://www.burnley.gov.uk,,,,
Q16954633,Q19414242,Bury Metropolitan Borough Council,https://www.bury.gov.uk,,,,
Q27159796,Q3336962,Cairngorms National Park Authority,,,,2003-09-01T00:00:00Z,
Q16985873,Q19414242,Calderdale Metropolitan Borough Council,https://www.calderdale.gov.uk,,,,
Q5025388,Q21561306,Cambridge City Council,https://www.cambridge.gov.uk,,,,
Q5025648,Q4321471,Cambridgeshire County Council,https://www.cambridgeshire.gov.uk,,,,
Q28451058,Q5150900,Cambridgeshire and Peterborough Combined Authority,https://cambridgeshirepeterborough-ca.gov.uk,,,2017-01-01T00:00:00Z,
Q5025790,Q21561350,Camden London Borough Council,https://www.camden.gov.uk,,,,
Q73072556,Q21561306,Cannock Chase District Council,https://www.cannockchasedc.gov.uk,,,,
Q55098924,Q21561306,Canterbury City Council,https://www.canterbury.gov.uk,,,,
Q73072558,Q21561306,Carlisle City Council,https://www.carlisle.gov.uk,,,,
Q73072562,Q21561306,Castle Point Borough Council,https://www.castlepoint.gov.uk,,,,
Q16986562,Q21561328,Central Bedfordshire Council,https://www.centralbedfordshire.gov.uk,,,,
Q73072564,Q21561306,Charnwood Borough Council,https://www.charnwood.gov.uk,,,,
Q73072566,Q21561306,Chelmsford City Council,https://www.chelmsford.gov.uk,,,,
Q28401301,Q21561306,Cheltenham Borough Council,https://www.cheltenham.gov.uk,,,,
Q73072569,Q21561306,Cherwell District Council,https://www.cherwell-dc.gov.uk,,,,
Q16829355,Q21561328,Cheshire East Council,https://www.cheshireeast.gov.uk,,,,
Q16829360,Q21561328,Cheshire West and Chester Council,https://www.cheshirewestandchester.gov.uk,,,,
Q73072572,Q21561306,Chesterfield Borough Council,https://www.chesterfield.gov.uk,,,,
Q5095647,Q2097994,Chicago Housing Authority,http://www.thecha.org/,,,1937-01-01T00:00:00Z,
Q73072573,Q21561306,Chichester District Council,https://www.chichester.gov.uk,,,,
Q73072575,Q21561306,Chiltern District Council,https://www.chiltern.gov.uk,,,,
Q73072578,Q21561306,Chorley Borough Council,https://www.chorley.gov.uk,,,,
Q73072580,Q21561306,Christchurch Borough Council,https://www.dorsetforyou.com,,,,
Q73072583,Q21561306,City of Lincoln Council,https://www.lincoln.gov.uk,,,,
Q1094147,Q2097994,City of London Corporation,https://www.cityoflondon.gov.uk,,,1191-01-01T00:00:00Z,
Q20599135,Q4321471,Clwyd County Council,,,,,
Q73072586,Q21561306,Colchester Borough Council,https://www.colchester.gov.uk,,,,
Q73072589,Q21561306,Copeland Borough Council,https://www.copeland.gov.uk,,,,
Q73072591,Q21561306,Corby Borough Council,https://www.corby.gov.uk,,,,
Q3774189,Q21561328,Cornwall Council,https://www.cornwall.gov.uk,,,,
Q5175478,Q21561306,Cotswold District Council,https://www.cotswold.gov.uk,,,,
Q5179058,Q19414242,Coventry City Council,https://www.coventry.gov.uk,,,,
Q73072595,Q21561306,Craven District Council,https://www.cravendc.gov.uk,,,,
Q30255982,Q21561306,Crawley Borough Council,https://www.crawley.gov.uk,,,1974-01-01T00:00:00Z,
Q5189676,Q21561350,Croydon London Borough Council,https://www.croydon.gov.uk,,,,
Q5193868,Q4321471,Cumberland County Council,,,,,
Q5194027,Q4321471,Cumbria County Council,https://www.cumbria.gov.uk,,,,
Q5207723,Q21561306,Dacorum Borough Council,https://www.dacorum.gov.uk,,,,
Q16948698,Q21561328,Darlington Borough Council,https://www.darlington.gov.uk,,,,
Q55098919,Q21561306,Dartford Borough Council,https://www.dartford.gov.uk,,,,
Q5225646,Q3336962,Dartmoor National Park Authority,https://www.dartmoor.gov.uk,E26000001,,,
Q73072596,Q21561306,Daventry District Council,https://www.daventrydc.gov.uk,,,,
Q5261430,Q21561328,Derby City Council,https://www.derby.gov.uk,,,,
Q5261561,Q4321471,Derbyshire County Council,https://www.derbyshire.gov.uk,,,,
Q73072598,Q21561306,Derbyshire Dales District Council,https://www.derbyshiredales.gov.uk,,,,
Q6385990,Q4321471,Devon County Council,https://www.devon.gov.uk,,,,
Q16988947,Q19414242,Doncaster Metropolitan Borough Council,https://www.doncaster.gov.uk,,,,
Q55609905,Q21561328,Dorset Council,https://www.dorsetcouncil.gov.uk,E06000059,,,
Q5298839,Q4321471,Dorset County Council,https://www.dorsetforyou.com,,,,
Q55098918,Q21561306,Dover District Council,https://www.dover.gov.uk,,,,
Q16991635,Q19414242,Dudley Metropolitan Borough Council,https://www.dudley.gov.uk,,,,
Q5316492,Q21561328,Durham County Council,https://www.durham.gov.uk,,,,
Q5325486,Q21561350,Ealing London Borough Council,https://www.ealing.gov.uk,,,,
Q65090031,Q21561306,East Cambridgeshire District Council,https://www.eastcambs.gov.uk,,,,
Q69118038,Q21561306,East Devon District Council,https://eastdevon.gov.uk,,,,
Q73072599,Q21561306,East Dorset District Council,http://www.eastdorsetdc.gov.uk/,,,1974-04-01T00:00:00Z,2019-04-01T00:00:00Z
Q73072602,Q21561306,East Hampshire District Council,https://www.easthants.gov.uk,,,,
Q5328577,Q21561306,East Hertfordshire District Council,https://www.eastherts.gov.uk,,,,
Q73072603,Q21561306,East Lindsey District Council,https://www.e-lindsey.gov.uk,,,,
Q73072604,Q21561306,East Northamptonshire Council,https://www.east-northamptonshire.gov.uk,,,,
Q16989282,Q21561328,East Riding of Yorkshire Council,https://www.eastriding.gov.uk,,,,
Q73072606,Q21561306,East Staffordshire Borough Council,https://www.eaststaffsbc.gov.uk,,,,
Q59536023,Q21561306,East Suffolk Council,https://www.eastsuffolk.gov.uk,,,2008-01-01T00:00:00Z,
Q5329458,Q4321471,East Sussex County Council,https://www.eastsussex.gov.uk,,,,
Q30588396,Q21561306,Eastbourne Borough Council,https://www.eastbourne.gov.uk,,,,
Q73072609,Q21561306,Eastleigh Borough Council,https://www.eastleigh.gov.uk,,,,
Q72463795,Q5266682,Ebbsfleet Development Corporation,https://ebbsfleetdc.org.uk,E51000003,,2015-04-20T00:00:00Z,
Q73072611,Q21561306,Eden District Council,https://www.eden.gov.uk,,,,
Q73072615,Q21561306,Elmbridge Borough Council,https://www.elmbridge.gov.uk,,,,
Q5377310,Q21561350,Enfield London Borough Council,https://www.enfield.gov.uk,,,,
Q73072617,Q21561306,Epping Forest District Council,https://www.eppingforestdc.gov.uk,,,,
Q73072619,Q21561306,Epsom and Ewell Borough Council,https://www.epsom-ewell.gov.uk,,,,
Q73072621,Q21561306,Erewash Borough Council,https://www.erewash.gov.uk,,,,
Q5399679,Q4321471,Essex County Council,https://www.essex.gov.uk/,,,,
Q5420103,Q21561306,Exeter City Council,https://www.exeter.gov.uk,,,,
Q72617784,Q3336962,Exmoor National Park Authority,https://www.exmoor-nationalpark.gov.uk,E26000002,,,
Q73072624,Q21561306,Fareham Borough Council,https://www.fareham.gov.uk,,,,
Q73072625,Q21561306,Fenland District Council,https://www.fenland.gov.uk,,,,
Q55099243,Q21561306,Folkestone & Hythe District Council,https://www.shepway.gov.uk,,,,
Q73072627,Q21561306,Forest Heath District Council,https://www.forest-heath.gov.uk,,,1974-04-01T00:00:00Z,2019-04-01T00:00:00Z
Q28401332,Q21561306,Forest of Dean District Council,https://www.fdean.gov.uk,,,,
Q73072630,Q21561306,Fylde Borough Council,https://www.fylde.gov.uk,,,,
Q54666929,Q19414242,Gateshead Council,https://www.gateshead.gov.uk,,,,
Q73072632,Q21561306,Gedling Borough Council,https://www.gedling.gov.uk,,,,
Q16839203,Q4321471,Glamorgan County Council,,,,1889-01-01T00:00:00Z,1974-01-01T00:00:00Z
Q28401303,Q21561306,Gloucester City Council,https://www.gloucester.gov.uk,,,,
Q16839354,Q4321471,Gloucestershire County Council,https://www.gloucestershire.gov.uk,,,,
Q73072634,Q21561306,Gosport Borough Council,https://www.gosport.gov.uk,,,,
Q55098935,Q21561306,Gravesham Borough Council,https://www.gravesham.gov.uk,,,,
Q73072635,Q21561306,Great Yarmouth Borough Council,https://www.great-yarmouth.gov.uk,,,,
Q5600634,Q5150900,Greater Manchester Combined Authority,https://www.greatermanchester-ca.gov.uk,,,,
Q5604860,Q21561350,Greenwich London Borough Council,https://www.royalgreenwich.gov.uk,,,,
Q73072637,Q21561306,Guildford Borough Council,https://www.guildford.gov.uk,,,,
Q56178073,Q4321471,Gwent County Council,,,,1974-01-01T00:00:00Z,1996-01-01T00:00:00Z
Q5637369,Q21561350,Hackney London Borough Council,https://www.hackney.gov.uk,,,,
Q16983144,Q21561328,Halton Borough Council,https://www.halton.gov.uk,,,,
Q73072640,Q21561306,Hambleton District Council,https://www.hambleton.gov.uk,,,,
Q5645758,Q21561350,Hammersmith and Fulham London Borough Council,https://www.milton-keynes.gov.uk,,,,
Q5646045,Q4321471,Hampshire County Council,https://www.hants.gov.uk,,,,
Q73072642,Q21561306,Harborough District Council,https://www.harborough.gov.uk,,,,
Q5657624,Q21561350,Haringey London Borough Council,https://www.haringey.gov.uk,,,,
Q73072645,Q21561306,Harlow District Council,https://www.harlow.gov.uk,,,,
Q73072647,Q21561306,Harrogate Borough Council,https://www.harrogate.gov.uk,,,,
Q5666565,Q21561350,Harrow London Borough Council,https://www.harrow.gov.uk,,,,
Q73072649,Q21561306,Hart District Council,https://www.hart.gov.uk,,,,
Q16993720,Q21561328,Hartlepool Borough Council,https://www.hartlepool.gov.uk,,,,
Q73072650,Q21561306,Hastings Borough Council,https://www.hastings.gov.uk,,,,
Q73072652,Q21561306,Havant Borough Council,https://www.havant.gov.uk,,,,
Q5683826,Q21561350,Havering London Borough Council,https://www.havering.gov.uk,,,,
Q5738061,Q21561328,Herefordshire Council,https://www.herefordshire.gov.uk,,,,
Q16842680,Q4321471,Herefordshire County Council,,,,1889-01-01T00:00:00Z,1974-01-01T00:00:00Z
Q5744765,Q4321471,Hertfordshire County Council,https://www.hertsdirect.org/,,,,
Q15223753,Q21561306,Hertsmere Borough Council,https://www.hertsmere.gov.uk,,,,
Q5756024,Q21561306,High Peak Borough Council,https://www.highpeak.gov.uk,,,,
Q5763303,Q21561350,Hillingdon London Borough Council,https://www.hillingdon.gov.uk,,,,
Q73072654,Q21561306,Hinckley and Bosworth Borough Council,https://www.hinckley-bosworth.gov.uk,,,,
Q73072656,Q21561306,Horsham District Council,https://www.horsham.gov.uk,,,,
Q388503,Q2097994,Houma,http://www.tpcg.org,,,1834-01-01T00:00:00Z,
Q5913301,Q21561350,Hounslow London Borough Council,https://www.hounslow.gov.uk,,,,
Q5935834,Q21561328,Hull City Council,https://www.hullcc.gov.uk,,,,
Q71442437,Q4321471,Humberside County Council,,,,1974-01-01T00:00:00Z,1996-01-01T00:00:00Z
Q73072657,Q21561306,Huntingdonshire District Council,https://www.huntingdonshire.gov.uk,,,,
Q65089006,Q21561306,Hyndburn Borough Council,https://www.hyndburnbc.gov.uk,,,,
Q16191496,Q21561306,Ipswich Borough Council,https://www.ipswich.gov.uk,,,,
Q6084095,Q21561328,Isle of Wight Council,https://www.iwight.com,,,,
Q6084379,Q21561350,Islington London Borough Council,https://www.islington.gov.uk,,,,
Q52046023,Q2097994,Jaynagar Majilpur Municipality,http://www.joynagarmozilpurmunicipality.com,,,1869-01-01T00:00:00Z,
Q6391507,Q21561350,Kensington and Chelsea London Borough Council,https://www.rbkc.gov.uk,,,,
Q6386127,Q4321471,Kent County Council,https://www.kent.gov.uk,,,,
Q6395462,Q21561306,Kettering Borough Council,https://www.kettering.gov.uk,,,,
Q11871215,Q2097994,Keuda,https://www.keuda.fi/,,,,
Q6413671,Q21561350,Kingston upon Thames London Borough Council,https://www.kingston.gov.uk,,,,
Q16995709,Q19414242,Kirklees Metropolitan Borough Council,https://www.kirklees.gov.uk,,,,
Q16995750,Q19414242,Knowsley Metropolitan Borough Council,https://www.knowsley.gov.uk,,,,
Q27159704,Q3336962,Lake District National Park Authority,https://www.lakedistrict.gov.uk,E26000003,,,
Q6481450,Q21561350,Lambeth London Borough Council,https://www.lambeth.gov.uk,,,,
Q6386149,Q4321471,Lancashire County Council,https://www.lancashire.gov.uk,,,,
Q73072658,Q21561306,Lancaster City Council,https://www.lancaster.gov.uk,,,,
Q6515870,Q19414242,Leeds City Council,https://www.leeds.gov.uk,,,1974-04-01T00:00:00Z,
Q6519163,Q21561328,Leicester City Council,https://www.leicester.gov.uk,,,,
Q6386198,Q4321471,Leicestershire County Council,https://www.leics.gov.uk,,,,
Q73072662,Q21561306,Lewes District Council,https://www.lewes-eastbourne.gov.uk,,,,
Q6537320,Q21561350,Lewisham London Borough Council,https://www.lewisham.gov.uk,,,,
Q6543271,Q21561306,Lichfield District Council,https://www.lichfielddc.gov.uk,,,,
Q16996347,Q4321471,Lincolnshire County Council,https://www.lincolnshire.gov.uk,,,,
Q6658351,Q19414242,Liverpool City Council,https://www.liverpool.gov.uk,,,,
Q16996746,Q5150900,Liverpool City Region Combined Authority,https://www.liverpoolcityregion-ca.gov.uk,,,,
Q739384,Q4321471,London County Council,,,,1889-03-21T00:00:00Z,1965-04-01T00:00:00Z
Q3258953,Q5266682,London Docklands Development Corporation,,,,1981-01-01T00:00:00Z,1998-01-01T00:00:00Z
Q6670544,Q5266682,London Legacy Development Corporation,https://www.queenelizabetholympicpark.co.uk/planning-authority/planning-policy,E51000001,,2012-03-09T00:00:00Z,
Q6670837,Q5266682,London Thames Gateway Development Corporation,http://www.ltgdc.org.uk/,,,2004-06-26T00:00:00Z,2013-01-24T00:00:00Z
Q16997109,Q21561328,Luton Borough Council,https://www.luton.gov.uk,,,,
Q16997208,Q21561306,Maidstone Borough Council,https://www.maidstone.gov.uk,,,,
Q73072663,Q21561306,Maldon District Council,https://www.maldon.gov.uk,,,,
Q73072667,Q21561306,Malvern Hills District Council,https://www.malvernhills.gov.uk,,,,
Q2302252,Q19414242,Manchester City Council,https://www.manchester.gov.uk,,,,
Q73072669,Q21561306,Mansfield District Council,https://www.mansfield.gov.uk,,,,
Q16997526,Q21561328,Medway Council,https://www.medway.gov.uk,,,,
Q73072672,Q21561306,Melton Borough Council,https://www.melton.gov.uk,,,,
Q73072673,Q21561306,Mendip District Council,https://www.mendip.gov.uk,,,,
Q20714038,Q4321471,Merionethshire County Council,,,,,1974-01-01T00:00:00Z
Q6820723,Q21561350,Merton London Borough Council,https://www.merton.gov.uk,,,,
Q73072676,Q21561306,Mid Devon District Council,https://www.middevon.gov.uk,,,,
Q65063871,Q4321471,Mid Glamorgan County Council,,,,1974-04-01T00:00:00Z,1996-04-01T00:00:00Z
Q73072678,Q21561306,Mid Suffolk District Council,https://www.midsuffolk.gov.uk,,,,
Q73072679,Q21561306,Mid Sussex District Council,https://www.midsussex.gov.uk,,,,
Q6841843,Q21561328,Middlesbrough Council,https://www.middlesbrough.gov.uk,,,,
Q16997843,Q21561328,Milton Keynes Council,https://www.milton-keynes.gov.uk/,,,,
Q73072681,Q21561306,Mole Valley District Council,https://www.molevalley.gov.uk,,,,
Q61810469,Q4321471,Montgomery County Council,https://www.montgomerycountymd.gov/council/,,,1949-01-01T00:00:00Z,
Q73072682,Q21561306,New Forest District Council,https://www.newforestdc.gov.uk,,,,
Q72617158,Q3336962,New Forest National Park Authority,https://www.newforestnpa.gov.uk,E26000009,,,
Q73072684,Q21561306,Newark and Sherwood District Council,https://www.newark-sherwooddc.gov.uk,,,,
Q16998823,Q19414242,Newcastle City Council,https://www.newcastle.gov.uk,,,,
Q73072687,Q21561306,Newcastle-under-Lyme Borough Council,https://www.newcastle-staffs.gov.uk,,,,
Q7018141,Q21561350,Newham London Borough Council,https://www.newham.gov.uk,,,,
Q6386227,Q4321471,Norfolk County Council,https://www.norfolk.gov.uk,,,,
Q7055115,Q21561306,North Devon Council,https://www.northdevon.gov.uk,,,,
Q73072691,Q21561306,North Dorset District Council,,,,,2019-04-01T00:00:00Z
Q16986408,Q5150900,North East Combined Authority,https://northeastca.gov.uk/,,,,
Q73072692,Q21561306,North East Derbyshire District Council,https://www.ne-derbyshire.gov.uk,,,,
Q17016820,Q21561328,North East Lincolnshire Council,https://www.nelincs.gov.uk,,,,
Q7055592,Q21561306,North Hertfordshire District Council,https://www.north-herts.gov.uk,,,,
Q28401189,Q21561306,North Kesteven District Council,https://www.n-kesteven.gov.uk,,,,
Q17016863,Q21561328,North Lincolnshire Council,https://www.northlincs.gov.uk,,,,
Q73072695,Q21561306,North Norfolk District Council,https://www.northnorfolk.org/,,,,
Q17016922,Q21561328,North Somerset Council,https://www.n-somerset.gov.uk,,,,
Q17017005,Q19414242,North Tyneside Council,https://www.northtyneside.gov.uk,,,,
Q73072698,Q21561306,North Warwickshire Borough Council,https://www.northwarks.gov.uk,,,,
Q73072699,Q21561306,North West Leicestershire District Council,https://www.nwleics.gov.uk,,,,
Q72617669,Q3336962,North York Moors National Park Authority,https://www.northyorkmoors.org.uk,E26000005,,,
Q17017103,Q4321471,North Yorkshire County Council,https://www.northyorks.gov.uk,,,,
Q55136954,Q5150900,North of Tyne Combined Authority,,,,,
Q73072702,Q21561306,Northampton Borough Council,https://www.northampton.gov.uk,,,,
Q14942414,Q4321471,Northamptonshire County Council,https://www.northamptonshire.gov.uk,,,,
Q6386521,Q21561328,Northumberland County Council,https://www.northumberland.gov.uk,,,,
Q72617890,Q3336962,Northumberland National Park Authority,https://www.northumberlandnationalpark.org.uk,E26000004,,,
Q17012769,Q21561306,Norwich City Council,https://www.norwich.gov.uk,,,,
Q7063612,Q21561328,Nottingham City Council,https://www.nottinghamcity.gov.uk,,,,
Q16934215,Q4321471,Nottinghamshire County Council,https://www.nottinghamshire.gov.uk,,,,
Q73072703,Q21561306,Nuneaton and Bedworth Borough Council,https://www.nuneatonandbedworth.gov.uk,,,,
Q73072704,Q21561306,Oadby and Wigston Borough Council,https://oadby-wigston.gov.uk,,,,
Q20648596,Q5266682,Old Oak and Park Royal Development Corporation,https://www.london.gov.uk/about-us/organisations-we-work/old-oak-and-park-royal-development-corporation-opdc,E51000002,,2015-04-01T00:00:00Z,
Q17017730,Q19414242,Oldham Council,https://www.oldham.gov.uk,,,,
Q7115277,Q21561306,Oxford City Council,https://www.oxford.gov.uk,,,,
Q6386253,Q4321471,Oxfordshire County Council,https://www.oxfordshire.gov.uk,,,,
Q72617988,Q3336962,Peak District National Park Authority,https://www.peakdistrict.gov.uk,E26000006,,,
Q7162423,Q21561306,Pendle Borough Council,https://www.pendle.gov.uk,,,,
Q6664413,Q21561328,Peterborough City Council,https://www.peterborough.gov.uk,,,,
Q7205775,Q21561328,Plymouth City Council,https://www.plymouth.gov.uk,,,,
Q7228609,Q21561328,Poole Borough Council,https://www.boroughofpoole.com,,,,
Q17104656,Q21561328,Portsmouth City Council,https://www.portsmouth.gov.uk,,,,
Q7236943,Q4321471,Powys County Council,http://www.powys.gov.uk/,,,,
Q65089357,Q21561306,Preston City Council,https://www.preston.gov.uk,,,,
Q73072707,Q21561306,Purbeck District Council,,,,,2019-04-01T00:00:00Z
Q17018654,Q21561328,Reading Borough Council,http://www.reading.gov.uk,,,,
Q7305508,Q21561350,Redbridge London Borough Council,https://www.redbridge.gov.uk,,,,
Q17019415,Q21561328,Redcar and Cleveland Borough Council,https://www.redcar-cleveland.gov.uk,,,,
Q14978996,Q21561306,Redditch Borough Council,https://www.redditchbc.gov.uk,,,,
Q73072709,Q21561306,Reigate and Banstead Borough Council,https://www.reigate-banstead.gov.uk,,,,
Q73072712,Q21561306,Ribble Valley Borough Council,https://www.ribblevalley.gov.uk,,,,
Q7331065,Q21561350,Richmond upon Thames London Borough Council,https://www.richmond.gov.uk,,,,
Q73072715,Q21561306,Richmondshire District Council,https://richmondshire.gov.uk,,,,
Q17019804,Q19414242,Rochdale Metropolitan Borough Council,https://www.rochdale.gov.uk,,,,
Q73072717,Q21561306,Rochford District Council,https://www.rochford.gov.uk,,,,
Q7369771,Q21561306,Rossendale Borough Council,https://www.rossendale.gov.uk,,,,
Q73072720,Q21561306,Rother District Council,https://www.rother.gov.uk,,,,
Q17020059,Q19414242,Rotherham Metropolitan Borough Council,https://www.rotherham.gov.uk,,,,
Q73072725,Q21561306,Rugby Borough Council,https://www.rugby.gov.uk,,,,
Q73072726,Q21561306,Runnymede Borough Council,https://www.runnymede.gov.uk,,,,
Q73072729,Q21561306,Rushcliffe Borough Council,https://www.rushcliffe.gov.uk,,,,
Q73072730,Q21561306,Rushmoor Borough Council,https://www.rushmoor.gov.uk,,,,
Q7383481,Q21561328,Rutland County Council,https://www.rutland.gov.uk,,,,
Q73072732,Q21561306,Ryedale District Council,https://www.ryedale.gov.uk,,,,
Q17020402,Q19414242,Salford City Council,https://www.salford.gov.uk,,,,
Q7417057,Q19414242,Sandwell Metropolitan Borough Council,https://www.sandwell.gov.uk,,,,
Q73072735,Q21561306,Scarborough Borough Council,https://www.scarborough.gov.uk,,,,
Q73072737,Q21561306,Sedgemoor District Council,https://www.sedgemoor.gov.uk,,,,
Q7446119,Q19414242,Sefton Council,https://www.sefton.gov.uk,,,,
Q73072740,Q21561306,Selby District Council,https://www.selby.gov.uk,,,,
Q55098936,Q21561306,Sevenoaks District Council,https://www.sevenoaks.gov.uk,,,,
Q7492609,Q19414242,Sheffield City Council,https://www.sheffield.gov.uk,,,,
Q17020947,Q5150900,Sheffield City Region Combined Authority,https://sheffieldcityregion.org.uk,,,,
Q93612,Q21561328,Shropshire Council,https://www.shropshire.gov.uk,,,,
Q16893098,Q4321471,Shropshire County Council,,,,,
Q7541466,Q21561328,Slough Borough Council,https://www.slough.gov.uk,,,,
Q17021590,Q19414242,Solihull Metropolitan Borough Council,https://www.solihull.gov.uk,,,,
Q6386270,Q4321471,Somerset County Council,https://www.somerset.gov.uk,,,,
Q60790331,Q21561306,Somerset West and Taunton Council,https://www.somersetwestandtaunton.gov.uk,,,,
Q65089619,Q21561306,South Bucks District Council,https://www.southbucks.gov.uk,,,,
Q7566485,Q21561306,South Cambridgeshire District Council,https://www.scambs.gov.uk,,,,
Q73072741,Q21561306,South Derbyshire District Council,https://www.south-derbys.gov.uk,,,,
Q20198711,Q3336962,South Downs National Park Authority,https://www.southdowns.gov.uk,E26000010,,,
Q17020724,Q21561328,South Gloucestershire Council,https://www.southglos.gov.uk,,,,
Q23461861,Q21561306,South Hams District Council,https://www.southhams.gov.uk/,,,,
Q73072743,Q21561306,South Holland District Council,https://www.sholland.gov.uk,,,,
Q73072747,Q21561306,South Kesteven District Council,https://www.southkesteven.gov.uk,,,,
Q73072749,Q21561306,South Lakeland District Council,https://www.southlakeland.gov.uk,,,,
Q73072752,Q21561306,South Norfolk District Council,https://www.south-norfolk.gov.uk,,,,
Q73072753,Q21561306,South Northamptonshire Council,https://www.southnorthants.gov.uk,,,,
Q65089301,Q21561306,South Oxfordshire District Council,https://www.southoxon.gov.uk,,,,
Q73072755,Q21561306,South Ribble Borough Council,https://www.southribble.gov.uk,,,,
Q73072757,Q21561306,South Somerset District Council,https://www.southsomerset.gov.uk,,,,
Q73072759,Q21561306,South Staffordshire Council,https://www.sstaffs.gov.uk,,,,
Q72456968,Q5266682,South Tees Development Corporation,https://www.southteesdc.com,E51000004,,2017-08-01T00:00:00Z,
Q23463529,Q19414242,South Tyneside Council,https://www.southtyneside.info,,,,
Q17021809,Q21561328,Southampton City Council,https://www.southampton.gov.uk,,,,
Q7569516,Q21561328,Southend-on-Sea Borough Council,https://www.southend.gov.uk,,,,
Q7571153,Q21561350,Southwark London Borough Council,https://www.southwark.gov.uk,,,,
Q73072774,Q21561306,Spelthorne Borough Council,https://www.spelthorne.gov.uk,,,,
Q7592257,Q21561306,St Albans City and District Council,https://www.stalbans.gov.uk,,,,
Q73072776,Q21561306,St Edmundsbury Borough Council,https://www.stedmundsbury.gov.uk,,,,2019-04-01T00:00:00Z
Q17022094,Q19414242,St Helens Metropolitan Borough Council,https://www.sthelens.gov.uk,,,,
Q73072778,Q21561306,Stafford Borough Council,https://www.staffordbc.gov.uk,,,,
Q6386295,Q4321471,Staffordshire County Council,https://www.staffordshire.gov.uk,,,,
Q73072779,Q21561306,Staffordshire Moorlands District Council,https://www.staffsmoorlands.gov.uk,,,,
Q7615422,Q21561306,Stevenage Borough Council,https://www.stevenage.gov.uk,,,,
Q7618164,Q19414242,Stockport Metropolitan Borough Council,https://www.stockport.gov.uk,,,,
Q17022493,Q21561328,Stockton-on-Tees Borough Council,https://www.stockton.gov.uk,,,,
Q17022507,Q21561328,Stoke-on-Trent City Council,https://www.stoke.gov.uk,,,,
Q73072781,Q21561306,Stratford-on-Avon District Council,https://www.stratford.gov.uk,,,,
Q28401169,Q21561306,Stroud District Council,https://www.stroud.gov.uk,,,,
Q73072783,Q21561306,Suffolk Coastal District Council,https://www.suffolkcoastal.gov.uk,,,,2019-04-01T00:00:00Z
Q3305205,Q4321471,Suffolk County Council,https://www.suffolk.gov.uk,,,,
Q17022675,Q19414242,Sunderland City Council,https://www.sunderland.gov.uk,,,,
Q6386325,Q4321471,Surrey County Council,https://www.surreycc.gov.uk,,,,
Q73072785,Q21561306,Surrey Heath Borough Council,https://www.surreyheath.gov.uk,,,,
Q7650288,Q21561350,Sutton London Borough Council,https://www.sutton.gov.uk,,,,
Q55098937,Q21561306,Swale Borough Council,https://www.swale.gov.uk,,,,
Q17040033,Q21561328,Swindon Borough Council,https://www.swindon.gov.uk,,,,
Q17041259,Q19414242,Tameside Metropolitan Borough Council,https://www.tameside.gov.uk,,,,
Q73072788,Q21561306,Tamworth Borough Council,https://www.tamworth.gov.uk,,,,
Q73072790,Q21561306,Tandridge District Council,https://www.tandridge.gov.uk,,,,
Q73072791,Q21561306,Taunton Deane Borough Council,https://www.tauntondeane.gov.uk,,,,2019-04-01T00:00:00Z
Q21061639,Q5150900,Tees Valley Combined Authority,https://teesvalley-ca.gov.uk,,,,
Q73072792,Q21561306,Teignbridge District Council,https://www.teignbridge.gov.uk,,,,
Q17059334,Q21561328,Telford and Wrekin Council,https://www.telford.gov.uk,,,,
Q73072799,Q21561306,Tendring District Council,https://www.tendringdc.gov.uk,,,,
Q73072801,Q21561306,Test Valley Borough Council,https://www.testvalley.gov.uk,,,,
Q27183368,Q21561306,Tewkesbury Borough Council,https://tewkesbury.gov.uk,,,,
Q7710261,Q21561306,Thanet District Council,https://thanet.gov.uk,,,,
Q7797746,Q21561306,Three Rivers District Council,https://www.threerivers.gov.uk,,,,
Q1646552,Q21561328,Thurrock Council,https://www.thurrock.gov.uk,,,,
Q7799380,Q5266682,Thurrock Thames Gateway Development Corporation,https://www.gov.uk/government/organisations/thurrock-thames-gateway-development-corporation,,,2003-10-29T00:00:00Z,2012-04-03T00:00:00Z
Q16901812,Q21561306,Tonbridge and Malling Borough Council,https://www.tmbc.gov.uk,,,,
Q17034697,Q21561328,Torbay Council,https://www.torbay.gov.uk,,,,
Q17034697,Q16690653,Torbay Council,https://www.torbay.gov.uk,,,,
Q73072804,Q21561306,Torridge District Council,https://www.torridge.gov.uk,,,,
Q7829677,Q21561350,Tower Hamlets London Borough Council,https://www.towerhamlets.gov.uk,,,,
Q17034839,Q19414242,Trafford Metropolitan Borough Council,https://www.trafford.gov.uk,,,,
Q7985947,Q5150900,Transport for West Midlands,https://www.tfwm.org.uk/,,,1969-10-01T00:00:00Z,
Q55098930,Q21561306,Tunbridge Wells Borough Council,https://www.tunbridgewells.gov.uk,,,,
Q7860503,Q5266682,Tyne and Wear Development Corporation,,,,1987-05-15T00:00:00Z,1998-04-03T00:00:00Z
Q73072805,Q21561306,Uttlesford District Council,https://www.uttlesford.gov.uk,,,,
Q65090041,Q21561306,Vale of White Horse District Council,https://www.whitehorsedc.gov.uk,,,,
Q7961061,Q19414242,Wakefield Council,https://www.wakefield.gov.uk,,,,
Q7963789,Q19414242,Walsall Metropolitan Borough Council,https://www.walsall.gov.uk,,,,
Q7966606,Q21561350,Waltham Forest London Borough Council,https://www.walthamforest.gov.uk,,,,
Q7967311,Q21561350,Wandsworth London Borough Council,https://www.wandsworth.gov.uk,,,,
Q17033474,Q21561328,Warrington Borough Council,https://www.warrington.gov.uk,,,,
Q73072810,Q21561306,Warwick District Council,https://www.warwickdc.gov.uk,,,,
Q17066348,Q4321471,Warwickshire County Council,https://www.warwickshire.gov.uk,,,,
Q7974012,Q4321471,Waterford County Council,,,,1898-01-01T00:00:00Z,2014-01-01T00:00:00Z
Q7974596,Q21561306,Watford Borough Council,https://www.watford.gov.uk,,,,
Q73072811,Q21561306,Waveney District Council,https://www.waveney.gov.uk,,,,2019-04-01T00:00:00Z
Q73072816,Q21561306,Waverley Borough Council,https://www.waverley.gov.uk,,,,
Q73072817,Q21561306,Wealden District Council,https://www.wealden.gov.uk,,,,
Q73072820,Q21561306,Wellingborough Borough Council,https://www.wellingborough.gov.uk,,,,
Q7982137,Q21561306,Welwyn Hatfield Borough Council,https://www.welhat.gov.uk,,,,
Q17041496,Q21561328,West Berkshire Council,https://www.westberks.gov.uk,,,,
Q73072823,Q21561306,West Devon Borough Council,https://www.westdevon.gov.uk,,,,
Q73072826,Q21561306,West Dorset District Council,,,,,2019-04-01T00:00:00Z
Q73072828,Q21561306,West Lancashire Borough Council,https://www.westlancs.gov.uk,,,,
Q73072831,Q21561306,West Lindsey District Council,https://www.west-lindsey.gov.uk,,,,
Q21061625,Q5150900,West Midlands Combined Authority,https://www.wmca.org.uk,,,,
Q7986087,Q5266682,West Northamptonshire Development Corporation,http://www.wndc.org.uk,,,2004-12-15T00:00:00Z,2014-03-31T00:00:00Z
Q7986087,Q5266682,West Northamptonshire Development Corporation,https://www.gov.uk/government/organisations/the-west-northamptonshire-development-corporation,,,2004-12-15T00:00:00Z,2014-03-31T00:00:00Z
Q73072833,Q21561306,West Oxfordshire District Council,https://www.westoxon.gov.uk,,,,
Q73072834,Q21561306,West Somerset District Council,https://www.westsomersetonline.gov.uk,,,,2019-04-01T00:00:00Z
Q73072837,Q21561306,West Suffolk Council,https://www.westsuffolk.gov.uk,,,,
Q6386353,Q4321471,West Sussex County Council,https://www.westsussex.gov.uk,,,,
Q17035952,Q5150900,West Yorkshire Combined Authority,https://www.westyorks-ca.gov.uk/,,,,
Q24993670,Q5150900,West of England Combined Authority,https://www.westofengland-ca.gov.uk,,,,
Q7989145,Q21561350,Westminster City Council,https://www.westminster.gov.uk,,,,
Q73072840,Q21561306,Weymouth and Portland Borough Council,,,,,2019-04-01T00:00:00Z
Q7999507,Q19414242,Wigan Council,https://www.wigan.gov.uk,,,,
Q1990879,Q21561328,Wiltshire Council,https://wiltshire.gov.uk,,,,
Q73072843,Q21561306,Winchester City Council,https://www.winchester.gov.uk,,,,
Q17038560,Q21561328,Windsor and Maidenhead Borough Council,https://www.rbwm.gov.uk,,,,
Q17038877,Q19414242,Wirral Council,https://www.wirral.gov.uk,,,,
Q73072846,Q21561306,Woking Borough Council,https://www.woking.gov.uk,,,,
Q17039435,Q21561328,Wokingham Borough Council,https://www.wokingham.gov.uk,,,,
Q8030462,Q19414242,Wolverhampton City Council,https://www.wolverhampton.gov.uk,,,,
Q73072848,Q21561306,Worcester City Council,https://www.worcester.gov.uk,,,,
Q8034245,Q4321471,Worcestershire County Council,https://www.worcestershire.gov.uk,,,,
Q55098923,Q21561306,Worthing Borough Council,https://www.adur-worthing.gov.uk,E07000229,,,
Q73072850,Q21561306,Wychavon District Council,https://www.wychavon.gov.uk,,,,
Q65088676,Q21561306,Wycombe District Council,https://www.wycombe.gov.uk,,,,
Q73072856,Q21561306,Wyre Borough Council,https://www.wyre.gov.uk,,,,
Q73072859,Q21561306,Wyre Forest District Council,https://www.wyreforestdc.gov.uk,,,,
Q17059453,Q21561328,York City Council,https://www.york.gov.uk,,,,
Q27178932,Q3336962,Yorkshire Dales National Park Authority,https://www.yorkshiredales.org.uk,E26000008,,,
Q4983255,Q4321471,Buckinghamshire County Council,https://www.buckscc.gov.uk,,,,
Q5025388,Q21561306,Cambridge City Council,https://www.cambridge.gov.uk,,,,
Q1094147,Q2097994,City of London Corporation,https://www.cityoflondon.gov.uk,,,1191-01-01T00:00:00Z,
Q5189676,Q21561350,Croydon London Borough Council,https://www.croydon.gov.uk,,,,
Q5261430,Q21561328,Derby City Council,https://www.derby.gov.uk,,,,
Q6385990,Q4321471,Devon County Council,https://www.devon.gov.uk,,,,
Q739384,Q4321471,London County Council,,,,1889-03-21T00:00:00Z,1965-04-01T00:00:00Z
Q7236943,Q4321471,Powys County Council,http://www.powys.gov.uk/,,,,
Q7985947,Q5150900,Transport for West Midlands,https://www.tfwm.org.uk/,,,1969-10-01T00:00:00Z,
Q7989145,Q21561350,Westminster City Council,https://www.westminster.gov.uk,,,,
Q27159830,Q3336962,Brecon Beacons National Park Authority,https://www.beacons-npa.gov.uk,,,1996-04-01T00:00:00Z,
Q56174428,Q3336962,Brecon Beacons National Park Committee,,,,1974-04-01T00:00:00Z,1996-04-01T00:00:00Z
Q4983255,Q4321471,Buckinghamshire County Council,https://www.buckscc.gov.uk,,,,
Q5025388,Q21561306,Cambridge City Council,https://www.cambridge.gov.uk,,,,
Q1094147,Q2097994,City of London Corporation,https://www.cityoflondon.gov.uk,,,1191-01-01T00:00:00Z,
Q5189676,Q21561350,Croydon London Borough Council,https://www.croydon.gov.uk,,,,
Q5261430,Q21561328,Derby City Council,https://www.derby.gov.uk,,,,
Q6385990,Q4321471,Devon County Council,https://www.devon.gov.uk,,,,
Q69118038,Q21561306,East Devon District Council,https://eastdevon.gov.uk,,,,
Q54666929,Q19414242,Gateshead Council,https://www.gateshead.gov.uk,,,,
Q16839203,Q4321471,Glamorgan County Council,,,,1889-01-01T00:00:00Z,1974-01-01T00:00:00Z
Q56178073,Q4321471,Gwent County Council,,,,1974-01-01T00:00:00Z,1996-01-01T00:00:00Z
Q6515870,Q19414242,Leeds City Council,https://www.leeds.gov.uk,,,1974-04-01T00:00:00Z,
Q739384,Q4321471,London County Council,,,,1889-03-21T00:00:00Z,1965-04-01T00:00:00Z
Q6841843,Q21561328,Middlesbrough Borough Council,https://www.middlesbrough.gov.uk,,,,
Q7236943,Q4321471,Powys County Council,http://www.powys.gov.uk/,,,,
Q17021809,Q21561328,Southampton City Council,https://www.southampton.gov.uk,,,,
Q17034697,Q21561328,Torbay Council,https://www.torbay.gov.uk,,,,
Q17034697,Q16690653,Torbay Council,https://www.torbay.gov.uk,,,,
Q7985947,Q5150900,Transport for West Midlands,https://www.tfwm.org.uk/,,,1969-10-01T00:00:00Z,
Q7989145,Q21561350,Westminster City Council,https://www.westminster.gov.uk,,,,
